station,lat,lon,year,species,biomindex,abunindex
1,44.55919167,12.33923333,2005,SOLEVUL,307.5878296,6807.944336
2,44.58756666,12.52665,2005,SOLEVUL,62.66961288,716.2241821
7,44.28683333,12.38481666,2005,SOLEVUL,55.14625931,1246.456421
8,44.33745834,12.50063334,2005,SOLEVUL,94.46218109,1208.757813
13,44.11445833,12.54723333,2005,SOLEVUL,54.91112137,1402.549072
14,44.12538334,12.7034083,2005,SOLEVUL,84.19532013,996.2041626
20,43.91809168,12.939125,2005,SOLEVUL,86.30897522,2083.885742
21,43.96149168,13.085875,2005,SOLEVUL,50.28005981,330.7898865
27,43.70814168,13.26906667,2005,SOLEVUL,0.303830206,15.19151115
28,43.78078334,13.37115833,2005,SOLEVUL,10.66513729,68.36627197
34,43.57639167,13.61097501,2005,SOLEVUL,28.47286797,337.8136902
35,43.59596666,13.74535834,2005,SOLEVUL,10.25406075,76.90544891
40,43.34727499,13.73523334,2005,SOLEVUL,44.05538177,850.7246094
41,43.373675,13.88284168,2005,SOLEVUL,15.16569519,161.6016693
47,43.11429167,13.87239167,2005,SOLEVUL,146.2250671,2075.141357
48,43.13949167,13.98194167,2005,SOLEVUL,8.972302437,128.1757507
101,45.3618,12.35491667,2005,SOLEVUL,74.18635559,717.5401611
102,45.39698334,12.48796666,2005,SOLEVUL,71.61444092,587.2384644
103,45.47975,12.79893335,2005,SOLEVUL,59.85675049,367.3027954
104,45.56870003,13.13261666,2005,SOLEVUL,174.8061523,1097.619995
105,45.65718333,13.46719999,2005,SOLEVUL,78.48222351,452.7821045
106,45.71051668,13.66778336,2005,SOLEVUL,23.74918175,158.3278809
107,45.1102,12.35911668,2005,SOLEVUL,80.833992,1230.607056
108,45.14471666,12.49168332,2005,SOLEVUL,43.95406342,249.0730133
109,45.23311667,12.82371667,2005,SOLEVUL,7.303744793,53.11814117
110,45.32141666,13.15628333,2005,SOLEVUL,19.66801453,131.1201019
112,44.87951667,12.50316668,2005,SOLEVUL,103.4828644,2361.844238
113,44.91511669,12.63518333,2005,SOLEVUL,113.674324,1396.217285
3,44.68776668,12.77601668,2005,SOLEVUL,1.228831649,12.28831577
4,44.75881669,13.05885,2005,SOLEVUL,1.988943577,12.43089771
5,44.86115001,13.42234166,2005,SOLEVUL,29.29654503,146.4827271
9,44.42903333,12.84175002,2005,SOLEVUL,4.234110355,26.46319008
10,44.51235833,13.15390833,2005,SOLEVUL,91.66164398,445.8251038
11,44.60295,13.47998333,2005,SOLEVUL,44.88096237,217.1659546
15,44.224625,13.01190833,2005,SOLEVUL,10.25406075,76.90544891
114,45.00286667,12.96538334,2005,SOLEVUL,4.859264374,69.4180603
115,45.0911,13.29611667,2005,SOLEVUL,52.22188568,365.5531921
16,44.29641668,13.35648333,2005,SOLEVUL,50.08055878,215.8644867
17,44.39732501,13.66475,2005,SOLEVUL,4.317289829,21.58644867
18,44.4412,13.88720001,2005,SOLEVUL,27.1533432,125.3231277
22,44.03598333,13.3917,2005,SOLEVUL,10.46760845,70.7270813
23,44.128175,13.70083332,2005,SOLEVUL,15.4429121,48.25910187
24,44.224425,14.0396,2005,SOLEVUL,15.0958662,65.63420105
29,43.87463334,13.681775,2005,SOLEVUL,5.537396431,20.50887489
30,43.94793332,14.00480832,2005,SOLEVUL,0,0
31,44.02759167,14.309425,2005,SOLEVUL,0,0
36,43.69045,14.07151667,2005,SOLEVUL,0,0
37,43.77285833,14.3706,2005,SOLEVUL,0,0
38,43.87123334,14.72010002,2005,SOLEVUL,8.927933693,24.12955093
1,45.38526667,12.45704166,2006,SOLEVUL,88.46917725,733.0303345
2,45.59166667,13.1,2006,SOLEVUL,2.040570974,27.20761299
3,45.66940832,13.51147501,2006,SOLEVUL,87.30718994,498.8982544
4,45.09904167,12.37793334,2006,SOLEVUL,74.93598938,893.9732666
5,45.15145001,12.50060833,2006,SOLEVUL,107.8965378,632.7766724
6,45.238775,12.84990832,2006,SOLEVUL,32.01742172,216.3339233
8,44.904625,12.53149168,2006,SOLEVUL,287.0692749,6226.572754
12,44.59268332,12.35505834,2006,SOLEVUL,44.2613678,885.227356
16,44.28812501,12.45860833,2006,SOLEVUL,202.0421753,2728.082031
17,44.31325833,12.56945,2006,SOLEVUL,82.99206543,754.4733276
21,44.145425,12.75641667,2006,SOLEVUL,95.38596344,751.4328613
24,43.93093335,12.99422502,2006,SOLEVUL,96.42789459,699.3375854
25,43.97676668,13.0653,2006,SOLEVUL,14.69412136,110.2059097
27,43.74651667,13.19993333,2006,SOLEVUL,4.21500349,60.2143364
31,43.58388335,13.59571667,2006,SOLEVUL,136.3790131,1063.858765
33,43.399075,13.70545832,2006,SOLEVUL,24.67845917,315.0441589
34,43.37753334,13.86211665,2006,SOLEVUL,12.52479935,75.14879608
37,43.15116667,13.87613331,2006,SOLEVUL,144.8139801,943.5471802
43,45.37564999,12.40067499,2006,SOLEVUL,72.61771393,751.2177124
44,45.47210833,12.72950834,2006,SOLEVUL,68.10224915,494.0751343
45,45.68305,13.61899166,2006,SOLEVUL,31.88889122,124.2424393
46,44.91422501,12.64197502,2006,SOLEVUL,52.68944168,489.2591248
47,44.59001668,12.401825,2006,SOLEVUL,191.5383759,1710.164185
48,44.06129167,12.60989167,2006,SOLEVUL,29.23411942,744.6427002
49,43.58243335,13.76397502,2006,SOLEVUL,3.330775738,24.67241287
50,43.06099167,14.01376667,2006,SOLEVUL,0,0
51,45.32220834,13.149,2006,SOLEVUL,2.785515308,27.85515213
55,45.31546667,12.49995,2006,SOLEVUL,67.39150238,336.9575195
56,45.31058334,12.90660833,2006,SOLEVUL,33.80201721,114.583107
57,45.06403333,12.75746667,2006,SOLEVUL,89.11339569,766.6738892
63,44.22986666,12.58211667,2006,SOLEVUL,128.8263245,1169.433594
64,44.18273333,12.51018333,2006,SOLEVUL,5.46936512,48.25910187
65,44.07574167,12.75051664,2006,SOLEVUL,66.50315857,468.7447205
66,43.596825,13.67810001,2006,SOLEVUL,69.96603394,433.6253357
9,44.99451668,12.98117501,2006,SOLEVUL,5.882423878,50.06318283
10,45.08854167,13.27226666,2006,SOLEVUL,49.89630508,433.8808899
13,44.61051664,12.74791667,2006,SOLEVUL,6.814870834,63.1006546
14,44.75622498,13.11739167,2006,SOLEVUL,148.1565094,2228.500977
15,44.92620834,13.50746667,2006,SOLEVUL,85.86035156,395.6697998
18,44.37486666,12.91179167,2006,SOLEVUL,116.5955353,987.3594971
19,44.50535833,13.17432501,2006,SOLEVUL,110.2903748,638.043457
28,43.83726667,13.37241666,2006,SOLEVUL,9.974517822,65.62182617
29,43.75354999,13.56099167,2006,SOLEVUL,3.407435417,25.24026108
53,44.58372501,13.55169999,2006,SOLEVUL,37.99743652,187.8200073
54,44.22265833,12.98176667,2006,SOLEVUL,82.03085327,782.4481201
58,45.00460834,13.30770834,2006,SOLEVUL,61.48422241,412.843689
59,44.70425002,12.77826668,2006,SOLEVUL,19.66393471,137.7727966
60,44.68214165,13.48129166,2006,SOLEVUL,59.37710571,286.4685059
61,44.45446666,12.61155001,2006,SOLEVUL,9.722567558,60.76604462
62,44.46219166,12.70974998,2006,SOLEVUL,9.793820381,50.87699127
67,43.35293333,13.981075,2006,SOLEVUL,11.49880505,84.13759613
22,44.42765834,13.65106665,2006,SOLEVUL,6.56398201,29.83628273
26,44.06085,13.30105834,2006,SOLEVUL,44.75122833,385.3578186
30,43.95440833,14.03468333,2006,SOLEVUL,6.670295715,26.68118286
35,43.4579,14.20568333,2006,SOLEVUL,0,0
36,43.64354998,14.84227502,2006,SOLEVUL,0,0
38,43.30815001,14.58817501,2006,SOLEVUL,0,0
1,45.28946667,12.61325,2007,SOLEVUL,33.30789948,211.2208405
2,45.61274999,13.12365834,2007,SOLEVUL,35.94213486,507.8779907
3,45.66784166,13.51835,2007,SOLEVUL,33.72515488,273.4472046
4,45.11753334,12.42181667,2007,SOLEVUL,188.4517822,3233.359619
5,45.16536667,12.50556666,2007,SOLEVUL,52.2318306,300.8115845
8,44.84059168,12.53939168,2007,SOLEVUL,235.9584503,5089.737793
12,44.59495834,12.35109167,2007,SOLEVUL,54.78453827,937.4894409
16,44.27591666,12.466375,2007,SOLEVUL,43.15448761,689.1591187
17,44.29885834,12.50121667,2007,SOLEVUL,62.16366577,911.4906616
24,43.94254999,13.01638332,2007,SOLEVUL,85.66116333,1584.222168
25,43.95345001,13.104975,2007,SOLEVUL,36.3380928,473.9751282
27,43.76328332,13.26021667,2007,SOLEVUL,56.90254974,1008.590149
28,43.78385833,13.384525,2007,SOLEVUL,2.24937129,52.92638016
33,43.394525,13.774425,2007,SOLEVUL,9.323172569,124.3089752
34,43.38153334,13.86385835,2007,SOLEVUL,9.074555397,111.8780746
37,43.12008333,13.92300835,2007,SOLEVUL,14.00761986,120.0653152
44,45.46354167,12.69964167,2007,SOLEVUL,42.53369904,420.7091675
46,44.91596667,12.63479999,2007,SOLEVUL,252.3001404,5443.685547
48,44.11046667,12.62148333,2007,SOLEVUL,12.85735512,110.2059097
49,43.57912502,13.75024999,2007,SOLEVUL,8.871842384,48.61283493
50,43.06335833,14.011225,2007,SOLEVUL,0,0
55,45.31500834,12.499825,2007,SOLEVUL,4.952027321,61.90034485
64,44.19676666,12.54355831,2007,SOLEVUL,18.38700867,221.1096039
65,44.05785,12.7272,2007,SOLEVUL,19.93126297,218.7577515
66,43.62468332,13.65556666,2007,SOLEVUL,14.01886177,163.010025
68,42.84834169,14.00336667,2007,SOLEVUL,24.16738892,387.8716736
70,42.58757502,14.22356667,2007,SOLEVUL,0,0
71,42.27317501,14.5618,2007,SOLEVUL,8.868243217,44.34121704
73,42.109875,14.84746666,2007,SOLEVUL,8.20475769,41.02378845
74,41.97380832,15.0901,2007,SOLEVUL,0,0
76,41.99512501,15.68753335,2007,SOLEVUL,22.4121933,120.0653152
6,45.25565833,12.888025,2007,SOLEVUL,14.45498943,78.13507843
9,44.98965832,12.93354165,2007,SOLEVUL,22.39662743,104.1703568
10,45.10624167,13.25080001,2007,SOLEVUL,46.40962982,246.1116791
13,44.61168334,12.75518332,2007,SOLEVUL,0,0
14,44.73781665,13.15733333,2007,SOLEVUL,57.20578766,362.980896
18,44.396275,12.83765834,2007,SOLEVUL,10.68416882,76.31549072
19,44.49602501,13.181575,2007,SOLEVUL,166.2103729,905.6334229
29,43.71990833,13.609725,2007,SOLEVUL,0,0
51,45.33075,13.15031666,2007,SOLEVUL,46.1773262,201.4447021
53,44.55718333,13.55515833,2007,SOLEVUL,58.69034195,275.48526
54,44.23871667,12.97624168,2007,SOLEVUL,31.78758621,179.4460602
56,45.33106666,12.89739167,2007,SOLEVUL,82.84641266,390.7849731
57,45.0678,12.74945002,2007,SOLEVUL,31.65883636,277.3036804
58,45.02563333,13.24385834,2007,SOLEVUL,53.12264633,271.5157471
59,44.70032498,12.78254166,2007,SOLEVUL,0,0
60,44.65780001,13.50269167,2007,SOLEVUL,269.7870789,1038.441406
61,44.46035,12.62639167,2007,SOLEVUL,12.64187145,80.6927948
62,44.45898333,12.70846666,2007,SOLEVUL,1.85242331,26.46319008
67,43.35130833,13.98058335,2007,SOLEVUL,5.603048325,40.02177429
22,44.39638333,13.65376666,2007,SOLEVUL,68.48751068,356.70578
23,44.33468334,14.05761667,2007,SOLEVUL,74.20583344,335.604248
26,44.04205833,13.32945,2007,SOLEVUL,39.99083328,179.4460602
30,44.00149166,14.02475833,2007,SOLEVUL,3.82866168,10.93903351
32,44.0158,14.49663332,2007,SOLEVUL,12.71924782,50.87699127
35,43.45248334,14.20711667,2007,SOLEVUL,0,0
36,43.66616669,14.83563334,2007,SOLEVUL,0,0
38,43.37708333,14.143675,2007,SOLEVUL,0,0
69,42.67235832,14.25586666,2007,SOLEVUL,0,0
72,42.25248334,15.00780001,2007,SOLEVUL,0,0
75,42.03885,15.46616667,2007,SOLEVUL,0,0
45,45.55720002,13.68409166,2007,SOLEVUL,0,0
1,45.41025834,12.50290833,2008,SOLEVUL,31.74345207,219.6778717
2,45.61951669,13.13591667,2008,SOLEVUL,28.86754227,260.3285217
3,45.67071667,13.52076667,2008,SOLEVUL,14.59079456,147.3817596
4,45.098875,12.38338334,2008,SOLEVUL,150.2384796,2429.73291
5,45.15225,12.50874166,2008,SOLEVUL,91.18174744,567.3826904
8,44.819675,12.47690001,2008,SOLEVUL,128.9182281,2286.370361
12,44.59279165,12.3459,2008,SOLEVUL,247.5816956,3303.448975
16,44.27281667,12.46529166,2008,SOLEVUL,230.2172241,2733.449707
17,44.28911667,12.49211666,2008,SOLEVUL,100.2924347,925.4204102
21,44.147875,12.76268333,2008,SOLEVUL,33.8289299,210.6409149
24,43.94301666,12.99036668,2008,SOLEVUL,24.70375633,166.9172668
25,43.97364165,13.067025,2008,SOLEVUL,78.98548889,590.7405396
27,43.76422501,13.25191667,2008,SOLEVUL,16.0406208,115.6775513
28,43.79069999,13.37176666,2008,SOLEVUL,2.526793718,27.46514702
31,43.57990001,13.60746667,2008,SOLEVUL,119.2352905,951.6431274
33,43.33374166,13.742125,2008,SOLEVUL,27.93250465,171.892334
34,43.33639166,13.90425002,2008,SOLEVUL,2.966887236,27.98950386
37,43.12926667,13.905675,2008,SOLEVUL,23.50623894,131.4666595
43,45.37731667,12.38722499,2008,SOLEVUL,138.40802,1853.854858
44,45.46295832,12.70004164,2008,SOLEVUL,22.33040428,173.5523529
46,44.90868333,12.61919168,2008,SOLEVUL,91.20176697,1012.388733
47,44.59869165,12.41416666,2008,SOLEVUL,95.91376495,884.9389038
48,44.066675,12.60445833,2008,SOLEVUL,26.65032387,196.439743
49,43.57828334,13.76795835,2008,SOLEVUL,16.9687252,55.09326553
50,43.0569,14.01305833,2008,SOLEVUL,0,0
55,45.38503334,12.45728334,2008,SOLEVUL,90.51805115,979.6326294
56,45.33060832,12.88990002,2008,SOLEVUL,34.27659607,325.4107056
57,45.07933333,12.7261,2008,SOLEVUL,86.60262299,723.1348267
63,44.20818334,12.59896666,2008,SOLEVUL,12.82803154,144.6770477
64,44.20163333,12.55260832,2008,SOLEVUL,177.3375854,2009.663574
65,44.078075,12.75732498,2008,SOLEVUL,114.7470322,838.8363647
66,43.59785,13.68446665,2008,SOLEVUL,24.43483734,139.9475098
68,42.86325833,13.96815834,2008,SOLEVUL,13.41174126,46.89419937
70,42.58307501,14.23095,2008,SOLEVUL,0,0
71,42.25754166,14.58665835,2008,SOLEVUL,8.130976677,43.71492767
73,42.09605833,14.87953332,2008,SOLEVUL,0,0
74,41.99645833,15.05529167,2008,SOLEVUL,5.624886036,29.91960716
76,41.99574169,15.66085831,2008,SOLEVUL,0,0
6,45.25585,12.87547916,2008,SOLEVUL,21.82004929,106.4392624
9,45.00694166,12.92854166,2008,SOLEVUL,10.91590595,55.97900772
10,45.09945834,13.25025,2008,SOLEVUL,12.90795803,108.4702301
13,44.60818332,12.73935833,2008,SOLEVUL,0,0
14,44.73999166,13.08565833,2008,SOLEVUL,27.59523964,193.5537872
18,44.40078333,12.84240834,2008,SOLEVUL,10.16908455,54.23511505
19,44.45839167,13.16165001,2008,SOLEVUL,132.252533,663.6129761
29,43.73704999,13.607925,2008,SOLEVUL,24.57270432,91.3483429
51,45.332875,13.06869166,2008,SOLEVUL,0,0
53,44.55649999,13.55434167,2008,SOLEVUL,124.2653046,536.0884399
54,44.23999166,12.96583331,2008,SOLEVUL,21.20593071,108.4702301
58,45.00173334,13.24308333,2008,SOLEVUL,42.89784622,199.1279297
59,44.70234998,12.76808335,2008,SOLEVUL,0,0
60,44.67460833,13.48136667,2008,SOLEVUL,127.8864059,542.3511353
61,44.44905,12.61378333,2008,SOLEVUL,8.420267105,56.89369202
62,44.45574166,12.73584998,2008,SOLEVUL,2.901578426,28.44684601
67,43.34198333,13.98144999,2008,SOLEVUL,18.93120003,52.58666229
22,44.40116666,13.65633332,2008,SOLEVUL,87.2208786,404.8714294
23,44.331975,14.038775,2008,SOLEVUL,75.63130951,285.4011536
26,44.03641667,13.33275,2008,SOLEVUL,31.42266655,142.7005768
30,43.96748333,13.99643335,2008,SOLEVUL,11.66055012,27.11755753
32,44.02669167,14.48769166,2008,SOLEVUL,14.52439785,52.81599045
35,43.44784168,14.20715,2008,SOLEVUL,0,0
36,43.66895835,14.83473333,2008,SOLEVUL,0,0
38,43.37058333,14.1268,2008,SOLEVUL,0,0
69,42.64914166,14.25374167,2008,SOLEVUL,6.22746706,25.52240562
72,42.26279999,14.994775,2008,SOLEVUL,0,0
75,42.039225,15.45325832,2008,SOLEVUL,0,0
45,45.68997498,13.65568336,2008,SOLEVUL,92.64791107,347.321106
31,43.57972501,13.60606667,2009,SOLEVUL,64.78251648,478.8851624
33,43.40745834,13.69791667,2009,SOLEVUL,15.36897659,268.5840759
34,43.38027501,13.88165833,2009,SOLEVUL,6.328136921,56.7545929
37,43.12266667,13.92539167,2009,SOLEVUL,0,0
43,45.37876666,12.39013333,2009,SOLEVUL,96.3766098,1699.557007
44,45.46525833,12.70945835,2009,SOLEVUL,25.74465942,169.7450104
46,44.91401666,12.61367499,2009,SOLEVUL,267.6061096,4194.658691
47,44.60189168,12.47544999,2009,SOLEVUL,87.2149353,1191.664307
48,44.06429167,12.60956669,2009,SOLEVUL,13.82775784,117.4331894
49,43.58019168,13.76995001,2009,SOLEVUL,0,0
50,43.05488333,14.01483333,2009,SOLEVUL,8.172660828,61.91410065
55,45.38264167,12.45417501,2009,SOLEVUL,91.71309662,1218.662964
56,45.33170834,12.89693333,2009,SOLEVUL,19.49377441,161.1055756
57,45.0736,12.72432499,2009,SOLEVUL,74.92853546,563.9782104
1,45.41306667,12.53091666,2009,SOLEVUL,15.44051456,155.5719299
2,45.61889998,13.13794167,2009,SOLEVUL,41.80056381,249.6620636
3,45.640625,13.48459167,2009,SOLEVUL,77.42765808,470.0725098
4,45.10256666,12.383225,2009,SOLEVUL,224.3780975,4949.717773
5,45.14478333,12.51676666,2009,SOLEVUL,84.40245056,569.1557617
8,44.83700835,12.48550835,2009,SOLEVUL,93.27497101,2307.998291
12,44.59358333,12.34332501,2009,SOLEVUL,187.2292633,4708.611328
16,44.291575,12.45352499,2009,SOLEVUL,67.67939758,1041.221558
17,44.306675,12.56190834,2009,SOLEVUL,91.99164581,835.6546021
21,44.14678333,12.76473335,2009,SOLEVUL,42.94335938,240.1306305
24,43.92175001,13.01944167,2009,SOLEVUL,26.07996559,164.3695221
25,43.97674999,13.06930833,2009,SOLEVUL,31.79503441,205.5080872
27,43.78932498,13.19713333,2009,SOLEVUL,19.88274956,144.777298
28,43.776325,13.39157499,2009,SOLEVUL,0,0
63,44.21291667,12.57492501,2009,SOLEVUL,37.35430145,225.3653259
64,44.13565,12.51677499,2009,SOLEVUL,19.47097778,388.5560913
65,44.07600833,12.75265834,2009,SOLEVUL,72.501091,468.8292236
66,43.59725002,13.68058332,2009,SOLEVUL,30.00147438,156.6656647
68,42.85909999,13.99835,2009,SOLEVUL,55.02215576,329.1156921
70,42.58730834,14.224675,2009,SOLEVUL,5.69468689,27.11755753
71,42.27802501,14.56145833,2009,SOLEVUL,27.4297142,167.9370117
73,42.09963334,14.88464998,2009,SOLEVUL,8.256106377,52.58666229
74,41.98585002,15.07385,2009,SOLEVUL,67.57601166,425.6756897
76,41.99526666,15.67915001,2009,SOLEVUL,6.83362484,27.11755753
51,45.33331666,13.07473333,2009,SOLEVUL,0,0
53,44.55482499,13.55286668,2009,SOLEVUL,36.4705925,161.1366425
54,44.233075,12.96911666,2009,SOLEVUL,4.947584152,25.63515091
58,45.03210833,13.24366666,2009,SOLEVUL,32.40283203,205.0812073
59,44.70131664,12.78104169,2009,SOLEVUL,0,0
60,44.67615833,13.48196667,2009,SOLEVUL,142.6602325,615.3568726
61,44.45855832,12.67357502,2009,SOLEVUL,0,0
6,45.26067499,12.89485833,2009,SOLEVUL,4.542397499,73.26447296
9,45.01102501,12.92319164,2009,SOLEVUL,34.59978485,301.3441162
10,45.104975,13.249825,2009,SOLEVUL,12.33327484,109.3860321
13,44.62010835,12.76155834,2009,SOLEVUL,0,0
14,44.74818335,13.084525,2009,SOLEVUL,29.57409096,238.741394
18,44.38903333,12.83953336,2009,SOLEVUL,0,0
19,44.458275,13.15953333,2009,SOLEVUL,96.5815506,437.5155029
29,43.71219168,13.62120835,2009,SOLEVUL,3.093224049,26.89759827
62,44.45179167,12.73599167,2009,SOLEVUL,0,0
67,43.34532501,13.98231665,2009,SOLEVUL,3.62539959,27.46514702
32,43.66866665,13.77039169,2009,SOLEVUL,6.621668816,31.53175735
35,43.438925,14.20248333,2009,SOLEVUL,0,0
36,43.74165834,13.69459998,2009,SOLEVUL,4.98252821,23.5024929
38,43.37657501,14.141225,2009,SOLEVUL,0,0
22,44.39830832,13.67584168,2009,SOLEVUL,37.07307434,183.0769196
23,44.343525,14.02839167,2009,SOLEVUL,20.68318939,67.1532135
26,44.04500833,13.32696667,2009,SOLEVUL,4.584677696,25.90213203
30,43.94413335,14.02609168,2009,SOLEVUL,11.41449547,31.53175735
69,42.65584167,14.25533333,2009,SOLEVUL,0,0
72,42.25731667,15.00098334,2009,SOLEVUL,4.931086063,27.39492035
75,42.039575,15.436625,2009,SOLEVUL,0,0
45,45.57085832,13.54176668,2009,SOLEVUL,177.6166382,880.4790039
31,43.58226668,13.60694167,2010,SOLEVUL,90.35570526,596.5862427
33,43.37397499,13.71733332,2010,SOLEVUL,12.93833256,296.503479
34,43.35860833,13.88905834,2010,SOLEVUL,5.664792538,24.41720963
37,43.12283333,13.92508332,2010,SOLEVUL,6.987835884,28.29083443
43,45.38898333,12.40085001,2010,SOLEVUL,257.6985474,3387.28833
44,45.466225,12.71060836,2010,SOLEVUL,100.1697693,1007.237549
46,44.91094166,12.604625,2010,SOLEVUL,213.081604,2461.07666
47,44.60104167,12.47834999,2010,SOLEVUL,118.6865311,1268.177856
48,44.058775,12.61850001,2010,SOLEVUL,11.67695808,218.7720642
49,43.57246666,13.77964999,2010,SOLEVUL,14.99656296,51.27030182
50,43.060725,14.01331667,2010,SOLEVUL,0,0
55,45.38146666,12.45040833,2010,SOLEVUL,197.1876984,2427.240967
56,45.333075,12.88523334,2010,SOLEVUL,48.24871826,492.3338318
57,45.07348333,12.73760834,2010,SOLEVUL,117.6332855,1046.760864
63,44.21063333,12.60369164,2010,SOLEVUL,34.2857933,246.0702667
64,44.12601666,12.52711666,2010,SOLEVUL,14.56344509,164.0951538
65,44.07854167,12.75885833,2010,SOLEVUL,79.1348877,656.3806152
66,43.60901667,13.66684167,2010,SOLEVUL,38.95647812,198.0358429
68,42.90285002,13.97299169,2010,SOLEVUL,16.95483589,109.3860321
70,42.58228334,14.2303,2010,SOLEVUL,0,0
71,42.27284167,14.56037499,2010,SOLEVUL,13.49006176,91.14906311
73,42.093775,14.8908,2010,SOLEVUL,4.840332031,54.69301605
74,41.98189166,15.08045834,2010,SOLEVUL,12.70195007,83.56546021
76,41.99620835,15.69121666,2010,SOLEVUL,0,0
1,45.41178335,12.53724165,2010,SOLEVUL,82.48406219,708.4978638
2,45.61915,13.13930833,2010,SOLEVUL,275.127594,2639.284668
3,45.64168336,13.49037499,2010,SOLEVUL,170.2259369,1085.970947
4,45.10571667,12.37980835,2010,SOLEVUL,250.2588196,3903.301758
5,45.14978333,12.51627501,2010,SOLEVUL,74.08971405,523.7445679
8,44.82918336,12.482375,2010,SOLEVUL,164.4072113,2707.304199
12,44.59260836,12.34800833,2010,SOLEVUL,35.40909195,674.4589233
16,44.29205834,12.38444166,2010,SOLEVUL,73.69000244,1253.231323
17,44.32106667,12.57095833,2010,SOLEVUL,39.55432129,487.46521
21,44.13113333,12.7713,2010,SOLEVUL,16.71719551,153.8392181
24,43.91811666,13.018525,2010,SOLEVUL,92.23845673,820.4182739
25,43.98065834,13.06555833,2010,SOLEVUL,66.135849,433.8809204
27,43.79354998,13.188875,2010,SOLEVUL,120.2972946,1093.860352
28,43.79758336,13.36900001,2010,SOLEVUL,0,0
51,45.33275,13.068225,2010,SOLEVUL,10.95481586,96.51820374
53,44.55940002,13.55695,2010,SOLEVUL,73.64338684,289.5545959
54,44.23245833,12.97803335,2010,SOLEVUL,42.36449814,348.0651245
58,45.03390833,13.24073333,2010,SOLEVUL,59.12134933,522.0976563
59,44.702775,12.766725,2010,SOLEVUL,0,0
60,44.65967499,13.48419166,2010,SOLEVUL,77.06978607,337.8136902
61,44.46424999,12.66156667,2010,SOLEVUL,0,0
62,44.45055,12.72675835,2010,SOLEVUL,7.145061493,26.46319008
67,43.36245001,13.98484999,2010,SOLEVUL,0,0
6,45.25670834,12.88481668,2010,SOLEVUL,3.571173429,48.25910187
9,45.01765833,12.92678334,2010,SOLEVUL,1.948271394,25.63515091
10,45.10116667,13.24938333,2010,SOLEVUL,81.77706909,701.8375854
13,44.61288331,12.74525,2010,SOLEVUL,2.430995226,25.32286644
14,44.73377501,13.15909166,2010,SOLEVUL,55.60263824,538.3381958
18,44.39193333,12.83295002,2010,SOLEVUL,3.228509188,26.46319008
19,44.51332501,13.2355,2010,SOLEVUL,41.35804749,241.2955017
29,43.72994165,13.61175,2010,SOLEVUL,0,0
30,44.02031667,14.0219,2010,SOLEVUL,0,0
32,44.01539166,14.51762501,2010,SOLEVUL,0,0
35,43.44798334,14.2065,2010,SOLEVUL,0,0
36,43.68183333,14.83404166,2010,SOLEVUL,12.94342518,28.19918442
38,43.37211668,14.14920834,2010,SOLEVUL,0,0
69,42.66720835,14.25264166,2010,SOLEVUL,0,0
72,42.26299167,14.99335,2010,SOLEVUL,0,0
75,42.03805,15.47019167,2010,SOLEVUL,0,0
22,44.39308333,13.66175,2010,SOLEVUL,14.71531105,54.70376205
23,44.33554168,14.0401,2010,SOLEVUL,0,0
26,44.0504,13.32066666,2010,SOLEVUL,7.925442219,50.48052216
45,45.57094167,13.53587502,2010,SOLEVUL,138.1036377,413.6903992
1,45.41235,12.53047501,2011,SOLEVUL,61.90034103,298.3149109
2,45.60833333,13.13333333,2011,SOLEVUL,83.71257782,480.9441833
3,45.64076665,13.48685834,2011,SOLEVUL,162.3630524,752.0289917
4,45.1006,12.38301667,2011,SOLEVUL,346.8630981,7356.210449
5,45.14166667,12.5,2011,SOLEVUL,64.73381042,463.6581116
8,44.83228334,12.48010832,2011,SOLEVUL,251.6301117,5545.436523
12,44.825,12.525,2011,SOLEVUL,274.3703613,4604.595215
16,44.27429166,12.38578334,2011,SOLEVUL,36.69950867,759.8241577
17,44.32735001,12.56547502,2011,SOLEVUL,38.18322754,328.2225647
21,44.1435,12.76005001,2011,SOLEVUL,50.039814,487.0678711
24,43.91666667,13.00833333,2011,SOLEVUL,85.10699463,778.8270874
25,43.95833333,13.05833333,2011,SOLEVUL,62.71775818,291.0950928
27,43.8,13.175,2011,SOLEVUL,88.75337982,1410.050781
28,43.79920832,13.36904167,2011,SOLEVUL,19.02703285,79.38957214
31,43.57464164,13.60879167,2011,SOLEVUL,65.38549805,820.3952637
33,43.37545832,13.71294168,2011,SOLEVUL,12.94050026,238.1687164
34,43.3561,13.89314165,2011,SOLEVUL,13.33744812,52.92638016
29,43.74034999,13.61027498,2014,SOLEVUL,26.58185005,229.719696
49,43.58620831,13.73615001,2014,SOLEVUL,35.60515594,246.118576
51,45.33615832,13.08153333,2014,SOLEVUL,28.91364861,194.9860687
53,44.56875,13.54898335,2014,SOLEVUL,133.2516327,589.3192139
54,44.240625,12.97665002,2014,SOLEVUL,202.8016968,1804.869507
58,45.01803334,13.242425,2014,SOLEVUL,152.8943329,1148.553345
59,44.70332502,12.76512499,2014,SOLEVUL,29.53422928,246.118576
60,44.67343334,13.48961666,2014,SOLEVUL,170.2928009,820.5563965
61,44.46951667,12.65555,2014,SOLEVUL,16.15598869,139.2757568
62,44.45360834,12.72476667,2014,SOLEVUL,9.954128265,82.03952789
67,43.36550833,13.99185833,2014,SOLEVUL,10.77452374,109.3860321
22,44.41003334,13.65525834,2014,SOLEVUL,30.45149231,96.51820374
23,44.33762499,14.028225,2014,SOLEVUL,87.9291153,410.1171265
26,44.05086667,13.32769167,2014,SOLEVUL,106.4326096,902.4347534
30,43.97386665,13.99174167,2014,SOLEVUL,11.16991615,27.85515213
32,44.03208333,14.49341666,2014,SOLEVUL,20.72423363,83.56546021
35,43.44875,14.20755,2014,SOLEVUL,0,0
36,43.69077498,14.823325,2014,SOLEVUL,0,0
38,43.38244168,14.17046667,2014,SOLEVUL,3.336273909,27.34650803
69,42.67622499,14.24784167,2014,SOLEVUL,9.0903368,98.45130157
72,42.26245834,14.98794168,2014,SOLEVUL,0,0
75,42.03599167,15.48029167,2014,SOLEVUL,5.113797188,27.34650803
45,45.57062499,13.54851669,2014,SOLEVUL,128.842514,496.8220215
1,45.42141666,12.55077502,2015,SOLEVUL,82.75053406,628.9696655
2,45.61693331,13.13234166,2015,SOLEVUL,151.4449615,1093.860352
3,45.64303331,13.49619168,2015,SOLEVUL,220.9710999,1230.351318
4,45.11741667,12.36832501,2015,SOLEVUL,914.2151489,17435.11133
5,45.14586667,12.52249165,2015,SOLEVUL,168.0499573,1039.37146
6,45.26000834,12.88481668,2015,SOLEVUL,85.00964355,437.6300964
8,44.83353332,12.4809,2015,SOLEVUL,14.76711464,437.5441284
12,44.841725,12.54470833,2015,SOLEVUL,231.4727936,4511.825684
16,44.27270833,12.38945001,2015,SOLEVUL,1.422297835,54.70376205
17,44.32655834,12.57050835,2015,SOLEVUL,222.8631134,4157.48584
21,44.14313333,12.76222502,2015,SOLEVUL,501.5622864,9079.041016
24,43.92364998,13.01997501,2015,SOLEVUL,99.10374451,1886.909058
25,43.97293332,13.07685833,2015,SOLEVUL,99.21313477,1230.592896
27,43.79721667,13.193175,2015,SOLEVUL,157.4064941,1312.632446
28,43.80316668,13.37816666,2015,SOLEVUL,26.14326096,246.118576
31,43.578825,13.61427501,2015,SOLEVUL,64.53522491,1477.085815
33,43.38500001,13.71395,2015,SOLEVUL,21.00294304,525.0736084
34,43.38109166,13.88076668,2015,SOLEVUL,29.13887596,161.1366425
37,43.09181667,13.94481668,2015,SOLEVUL,30.35462379,246.118576
43,45.38018333,12.39174166,2015,SOLEVUL,134.4994354,1377.227295
44,45.47024167,12.71436666,2015,SOLEVUL,86.74311829,519.5836792
46,44.90809167,12.63610833,2015,SOLEVUL,415.2979431,7155.20166
47,44.57035831,12.54770832,2015,SOLEVUL,98.17395782,1394.671875
48,44.05761667,12.62432499,2015,SOLEVUL,1.969335318,109.4075241
49,43.57580833,13.77063335,2015,SOLEVUL,82.3174057,422.6505127
50,43.0522,14.01249167,2015,SOLEVUL,30.08115959,164.0790558
55,45.38424166,12.46375,2015,SOLEVUL,210.6228027,2515.878662
56,45.32976667,12.89266669,2015,SOLEVUL,75.8318634,382.8511047
57,45.07643333,12.7294,2015,SOLEVUL,70.22583771,601.6231689
63,44.1952,12.61360833,2015,SOLEVUL,77.47265625,1613.44397
64,44.15628333,12.51259999,2015,SOLEVUL,11.37838268,328.2225647
65,44.0852225,12.76194998,2015,SOLEVUL,91.52407074,1353.785034
66,43.60013332,13.67321666,2015,SOLEVUL,130.8476257,820.439209
68,42.90368334,13.98228334,2015,SOLEVUL,7.49294281,82.03952789
70,42.58198334,14.23094167,2015,SOLEVUL,79.25018311,355.5046082
71,42.26733333,14.57270002,2015,SOLEVUL,16.48994446,109.3860321
73,42.094,14.87685833,2015,SOLEVUL,26.36203384,109.3860321
74,41.97780834,15.0836,2015,SOLEVUL,42.09676361,282.9083252
76,41.99434999,15.70324167,2015,SOLEVUL,7.110091686,27.34650803
9,45.02066666,12.93795834,2015,SOLEVUL,111.0815125,738.3557129
10,45.112675,13.251425,2015,SOLEVUL,26.77223015,191.4255524
13,44.61919998,12.7529,2015,SOLEVUL,26.74488449,191.4255524
14,44.72139165,13.08895833,2015,SOLEVUL,178.9828949,1394.671875
18,44.38502499,12.8529,2015,SOLEVUL,135.8301086,738.3557129
19,44.443175,13.16146667,2015,SOLEVUL,65.01074219,461.4327087
29,43.72614168,13.60770836,2015,SOLEVUL,33.30804825,136.7325439
51,45.33271667,13.06838333,2015,SOLEVUL,0,0
53,44.55664167,13.55930001,2015,SOLEVUL,82.01039124,510.7913208
54,44.23775,12.97664165,2015,SOLEVUL,101.0629196,714.5061646
58,45.03414167,13.24455833,2015,SOLEVUL,39.51570511,300.8115845
59,44.69450833,12.77663333,2015,SOLEVUL,24.5845108,136.7325439
60,44.66875833,13.488025,2015,SOLEVUL,252.3484497,1203.482788
61,44.46666667,12.65877501,2015,SOLEVUL,48.40332031,464.890625
62,44.45116668,12.73949165,2015,SOLEVUL,42.03158188,300.8115845
67,43.36093334,13.99591667,2015,SOLEVUL,32.54234695,191.4255524
22,44.40309167,13.65325836,2015,SOLEVUL,163.1445923,984.2810669
23,44.32721667,14.05363333,2015,SOLEVUL,71.66192627,328.2225647
26,44.05340833,13.33300001,2015,SOLEVUL,83.0786972,546.9301758
30,43.97729165,14.01484168,2015,SOLEVUL,3.801164627,27.34650803
32,44.03905833,14.50911667,2015,SOLEVUL,17.3650322,82.03952789
35,43.43708334,14.21233334,2015,SOLEVUL,0,0
36,43.70150833,13.70536668,2015,SOLEVUL,56.88073349,246.118576
38,43.38045001,14.16101667,2015,SOLEVUL,7.629676342,54.69301605
69,42.66705001,14.25443333,2015,SOLEVUL,27.56528091,109.3860321
72,42.244975,15.00138333,2015,SOLEVUL,0,0
75,42.03629167,15.47435834,2015,SOLEVUL,0,0
45,45.57100833,13.53462501,2015,SOLEVUL,85.08100128,383.6798096
1,45.42166665,12.55058333,2016,SOLEVUL,71.89396667,492.2371521
2,45.62127498,13.140925,2016,SOLEVUL,238.4154053,2111.038574
3,45.64353333,13.49351665,2016,SOLEVUL,163.1999512,966.6334229
4,45.10243333,12.38803333,2016,SOLEVUL,346.7810669,4867.678223
5,45.15134166,12.51449165,2016,SOLEVUL,176.3649292,1312.890259
8,44.828175,12.47531665,2016,SOLEVUL,101.0179977,2406.492676
12,44.83095001,12.53900832,2016,SOLEVUL,416.7607727,6125.617676
16,44.28898333,12.38500832,2016,SOLEVUL,81.43789673,957.1278076
17,44.33529167,12.55913334,2016,SOLEVUL,266.3549805,2652.611328
21,44.14813333,12.75885833,2016,SOLEVUL,160.0317688,1613.44397
24,43.92299999,13.01837499,2016,SOLEVUL,188.0619354,1804.869507
25,43.96493333,13.07431667,2016,SOLEVUL,107.3350449,1011.820801
27,43.79503333,13.192375,2016,SOLEVUL,195.3087616,2105.681152
28,43.79488335,13.38210001,2016,SOLEVUL,43.69972229,410.1976318
31,43.58610833,13.60879167,2016,SOLEVUL,273.0826111,2734.471924
33,43.35795,13.72508332,2016,SOLEVUL,52.55998993,410.1976318
34,43.38485832,13.87833335,2016,SOLEVUL,13.59121513,136.7325439
37,43.11725833,13.91901665,2016,SOLEVUL,162.1647949,1339.978882
43,45.38929167,12.40036666,2016,SOLEVUL,202.2228699,3168.573486
44,45.46497501,12.71304998,2016,SOLEVUL,49.00494385,382.8511047
46,44.91165002,12.61858333,2016,SOLEVUL,308.2225037,3746.47168
47,44.57490002,12.54406665,2016,SOLEVUL,212.6191101,1832.216064
48,44.0598,12.62965002,2016,SOLEVUL,123.4579315,1673.672119
49,43.56692499,13.77745832,2016,SOLEVUL,87.0165863,628.9696655
50,43.05349167,14.02130833,2016,SOLEVUL,7.110091686,54.69301605
55,45.38441668,12.455125,2016,SOLEVUL,416.624054,4977.064453
56,45.329625,12.89721667,2016,SOLEVUL,127.8619232,778.8270874
57,45.077625,12.71600002,2016,SOLEVUL,269.1169739,2242.413574
63,44.19915,12.60864998,2016,SOLEVUL,243.0010681,2461.185791
64,44.13541666,12.52158335,2016,SOLEVUL,24.87067413,307.6784363
65,44.08451666,12.76023331,2016,SOLEVUL,190.9333191,1722.829956
66,43.59017499,13.68185835,2016,SOLEVUL,159.3754578,1449.364868
68,42.90249999,13.97418331,2016,SOLEVUL,176.7131348,1531.404419
70,42.57859999,14.235275,2016,SOLEVUL,11.48553276,82.03952789
71,42.26675833,14.56998332,2016,SOLEVUL,78.94937134,492.2371521
73,42.08780833,14.89153331,2016,SOLEVUL,135.4199066,902.4347534
74,41.98747502,15.08430833,2016,SOLEVUL,78.78529358,519.5836792
76,41.99733334,15.70739164,2016,SOLEVUL,63.6900177,437.5441284
6,45.25941667,12.88043334,2016,SOLEVUL,96.795784,527.3378296
9,45.01394166,12.93158334,2016,SOLEVUL,113.4880142,984.4743042
10,45.12269167,13.24713333,2016,SOLEVUL,36.58963013,273.4650879
13,44.60609999,12.730325,2016,SOLEVUL,19.443367,136.7325439
14,44.72688335,13.08739167,2016,SOLEVUL,90.51693726,793.0487061
18,44.386575,12.84635,2016,SOLEVUL,94.53688049,601.6231689
19,44.46231667,13.16346667,2016,SOLEVUL,135.1182861,820.5563965
29,43.7276,13.61470833,2016,SOLEVUL,75.01147461,519.5836792
37,43.10746667,13.93468332,2011,SOLEVUL,6.271776199,26.46319008
43,45.37918332,12.39175833,2011,SOLEVUL,114.532692,1587.791382
44,45.45833333,12.7,2011,SOLEVUL,37.8396492,223.7561493
46,44.90833333,12.625,2011,SOLEVUL,371.2758179,6310.637207
47,44.6,12.45833333,2011,SOLEVUL,138.8971252,2587.361328
48,44.06014167,12.61610003,2011,SOLEVUL,11.43084049,218.7720642
49,43.56354167,13.78586667,2011,SOLEVUL,17.10404205,103.9759369
50,43.05631667,14.013875,2011,SOLEVUL,5.530807018,26.46319008
55,45.38353333,12.46132499,2011,SOLEVUL,134.6752472,1406.530029
56,45.33484999,12.88592501,2011,SOLEVUL,29.70414162,164.1112823
57,45.0777,12.73307498,2011,SOLEVUL,77.88285828,492.2371521
63,44.20526667,13.602775,2011,SOLEVUL,129.7573242,1695.816528
64,44.13654167,12.53092499,2011,SOLEVUL,122.9893188,2256.30835
65,44.08333333,12.75,2011,SOLEVUL,191.1225281,2466.096924
66,43.60713336,13.66805833,2011,SOLEVUL,17.62448502,132.3159485
68,42.90074167,13.97423334,2011,SOLEVUL,43.63002014,303.8302307
70,42.58579998,14.231425,2011,SOLEVUL,22.71274376,102.5406036
71,42.27234167,14.56263336,2011,SOLEVUL,7.868839264,53.71221161
73,42.09354167,14.88348335,2011,SOLEVUL,37.87491226,218.7720642
74,41.98915832,15.06709167,2011,SOLEVUL,7.17057991,53.71221161
76,41.99678335,15.68391666,2011,SOLEVUL,3.598994017,26.46319008
6,45.25,12.88333333,2011,SOLEVUL,0,0
9,45.00833333,12.90833333,2011,SOLEVUL,19.8267746,170.9204712
10,45.11843333,13.24805,2011,SOLEVUL,31.12363815,201.4475098
13,44.6,12.73333333,2011,SOLEVUL,3.136841536,72.38864899
14,44.73486665,13.16040833,2011,SOLEVUL,35.30189514,291.0950928
18,44.39166667,12.825,2011,SOLEVUL,0,0
19,44.51435,13.24050833,2011,SOLEVUL,63.70201492,386.0728149
29,43.725,13.60833333,2011,SOLEVUL,34.31754684,139.2757568
51,45.33641667,13.080075,2011,SOLEVUL,0,0
53,44.56080834,13.55599998,2011,SOLEVUL,43.99801254,153.8392181
54,44.225,12.975,2011,SOLEVUL,25.29214668,181.9578857
58,45.0326,13.24406667,2011,SOLEVUL,41.27259445,230.7163544
59,44.69085,12.76843332,2011,SOLEVUL,1.02428472,26.95486069
60,44.66589165,13.48503334,2011,SOLEVUL,115.5343399,492.3338318
61,44.463925,12.65985003,2011,SOLEVUL,0,0
62,44.448325,12.73145835,2011,SOLEVUL,0,0
67,43.34860833,13.98505834,2011,SOLEVUL,5.280840874,51.27030182
22,44.39138333,13.6596,2011,SOLEVUL,32.04404068,144.777298
23,44.34548333,14.0295,2011,SOLEVUL,0,0
26,44.05285,13.31329999,2011,SOLEVUL,1.388340235,21.03545761
30,43.97605,14.01731668,2011,SOLEVUL,0,0
32,44.03698333,14.49535834,2011,SOLEVUL,0,0
35,43.44195,14.208875,2011,SOLEVUL,0,0
36,43.87235835,13.72424167,2011,SOLEVUL,0,0
38,43.371125,14.16028334,2011,SOLEVUL,0,0
69,42.66743336,14.25267499,2011,SOLEVUL,0,0
72,42.26226668,14.98847499,2011,SOLEVUL,0,0
75,42.038375,15.47308334,2011,SOLEVUL,0,0
45,45.57018334,13.54376666,2011,SOLEVUL,127.0246658,483.5964355
46,44.91069167,12.6268,2012,SOLEVUL,337.7768555,4512.105957
47,44.61267503,12.45990833,2012,SOLEVUL,110.0639725,1531.705322
48,44.064775,12.61257499,2012,SOLEVUL,26.74488449,410.1976318
50,43.05823333,14.01121667,2012,SOLEVUL,29.15137672,164.0790558
55,45.38404166,12.45750833,2012,SOLEVUL,374.4370728,4552.548828
56,45.33151666,12.893925,2012,SOLEVUL,45.20821762,287.1665344
57,45.08516666,12.71777503,2012,SOLEVUL,142.9128418,929.78125
63,44.21046666,12.60055834,2012,SOLEVUL,308.0886841,4389.54541
64,44.1456,12.5186,2012,SOLEVUL,13.96261787,215.6388855
65,44.08709167,12.75957502,2012,SOLEVUL,184.8523102,2489.593506
66,43.59486669,13.67404165,2012,SOLEVUL,58.99721527,389.9721375
70,42.58365831,14.22856666,2012,SOLEVUL,18.7455616,107.4244232
71,42.27047499,14.56443335,2012,SOLEVUL,15.76601601,167.1309204
1,45.413375,12.53254999,2012,SOLEVUL,93.77606964,757.2764893
2,45.61791668,13.13960834,2012,SOLEVUL,82.91461182,738.3557129
3,45.64021664,13.48628333,2012,SOLEVUL,36.74649429,246.0702667
4,45.10529167,12.37725835,2012,SOLEVUL,290.5013733,4707.520996
5,45.146975,12.51820833,2012,SOLEVUL,260.7799683,1810.584961
8,44.82291667,12.48070834,2012,SOLEVUL,281.0947571,5469.301758
12,44.83825,12.54223334,2012,SOLEVUL,198.8091125,2926.076416
16,44.27195,12.38720833,2012,SOLEVUL,2.406965494,54.70376205
17,44.33352501,12.56453333,2012,SOLEVUL,134.3939362,1394.808838
21,44.14273334,12.76109168,2012,SOLEVUL,191.8159332,2133.111572
24,43.92160002,13.01294999,2012,SOLEVUL,110.2064362,1394.671875
25,43.96866668,13.07230833,2012,SOLEVUL,75.20289612,492.2371521
27,43.79368331,13.18840834,2012,SOLEVUL,119.148735,1367.325439
28,43.7927,13.38019166,2012,SOLEVUL,31.6672554,191.4255524
31,43.585825,13.59514999,2012,SOLEVUL,82.61380005,820.3952637
34,43.35581667,13.89284169,2012,SOLEVUL,43.29204178,268.5610657
37,43.10913333,13.93215834,2012,SOLEVUL,35.26462555,334.2618408
43,45.38431667,12.39785,2012,SOLEVUL,51.57551575,683.6627197
44,45.46498334,12.72218332,2012,SOLEVUL,137.115387,929.78125
73,42.09178334,14.88250001,2012,SOLEVUL,17.06422043,109.3860321
74,41.99115001,15.0615,2012,SOLEVUL,23.89972115,139.2757568
51,45.3331,13.06595,2012,SOLEVUL,45.44491577,241.7282715
53,44.56585833,13.553525,2012,SOLEVUL,44.41945267,218.8150482
54,44.23569167,12.97255834,2012,SOLEVUL,49.33309937,382.8511047
58,45.03840833,13.24221667,2012,SOLEVUL,74.49875641,571.8676758
59,44.68993333,12.76972497,2012,SOLEVUL,25.70571709,191.4255524
60,44.67435001,13.48196667,2012,SOLEVUL,143.6520691,656.4451294
61,44.45282501,12.66888332,2012,SOLEVUL,3.390966892,27.34650803
62,44.44896666,12.73004166,2012,SOLEVUL,7.075209141,83.56546021
67,43.34384999,13.99165001,2012,SOLEVUL,18.10338783,82.03952789
6,45.25538333,12.87824167,2012,SOLEVUL,29.94736671,123.071373
9,45.01440832,12.92096666,2012,SOLEVUL,63.19778442,519.5836792
10,45.11681666,13.24575833,2012,SOLEVUL,41.35723114,298.1189575
13,44.61113332,12.75179167,2012,SOLEVUL,0,0
14,44.73586667,13.16300834,2012,SOLEVUL,93.14220428,656.3162231
18,44.38810833,12.84396667,2012,SOLEVUL,7.657022476,54.69301605
19,44.51461666,13.23055,2012,SOLEVUL,142.1474457,769.1960449
29,43.73373334,13.61513335,2012,SOLEVUL,25.23676872,111.4206085
69,42.65185833,14.25902499,2012,SOLEVUL,0,0
72,42.25355,14.99992502,2012,SOLEVUL,0,0
22,44.39770834,13.65141665,2012,SOLEVUL,7.439712048,54.70376205
23,44.32981666,14.04555,2012,SOLEVUL,8.205564499,54.70376205
26,44.04346667,13.32749166,2012,SOLEVUL,6.56316185,27.34650803
30,43.96869167,14.00250834,2012,SOLEVUL,10.39167309,27.34650803
32,43.65984166,13.78483334,2012,SOLEVUL,22.09597969,82.03952789
35,43.44804166,14.20660834,2012,SOLEVUL,0,0
36,43.70128333,13.709425,2012,SOLEVUL,19.306633,109.3860321
38,43.37404167,14.17004167,2012,SOLEVUL,0,0
45,45.57048333,13.53755,2012,SOLEVUL,12.7070322,250.7966919
1,45.415675,12.51416666,2013,SOLEVUL,153.7571564,1599.927856
2,45.62170833,13.1473,2013,SOLEVUL,90.27605438,707.270874
3,45.64160833,13.49145001,2013,SOLEVUL,50.3623848,410.1171265
4,45.10453333,12.381775,2013,SOLEVUL,534.9523926,11704.30566
5,45.14731666,12.52066666,2013,SOLEVUL,131.0991669,1148.553345
8,44.82607501,12.47870833,2013,SOLEVUL,272.2618408,8285.992188
12,44.83310833,12.54419166,2013,SOLEVUL,93.57383728,2090.592041
16,44.30484168,12.37775834,2013,SOLEVUL,17.96312904,410.1171265
17,44.32791667,12.577375,2013,SOLEVUL,127.5839844,2010.165649
21,44.14285833,12.76155834,2013,SOLEVUL,321.7590027,5660.727051
24,43.92123334,13.01586667,2013,SOLEVUL,95.46665955,1804.869507
25,43.98229167,13.10564167,2013,SOLEVUL,69.7335968,820.3952637
27,43.79804166,13.182,2013,SOLEVUL,75.3300705,1514.434692
28,43.792825,13.38826666,2013,SOLEVUL,48.21189499,601.6231689
31,43.58575834,13.59449167,2013,SOLEVUL,5.630693436,149.1574554
33,43.37976665,13.71895831,2013,SOLEVUL,29.34280205,765.7022095
34,43.36010833,13.89299167,2013,SOLEVUL,102.0763931,1613.855957
37,43.10493333,13.92935836,2013,SOLEVUL,234.6330414,4840.332031
43,45.38242499,12.39779167,2013,SOLEVUL,70.41588593,1357.960083
44,45.46515001,12.71165832,2013,SOLEVUL,77.47265625,574.2766724
46,44.90745834,12.60648333,2013,SOLEVUL,245.7325134,4854.481934
48,44.05311667,12.62045002,2013,SOLEVUL,14.15320873,307.6784363
49,43.57510834,13.77060833,2013,SOLEVUL,64.9479599,519.5836792
50,43.05604167,14.01884167,2013,SOLEVUL,25.43225288,355.5046082
55,45.38431667,12.46948333,2013,SOLEVUL,176.7836151,2506.599365
56,45.33583334,12.87932501,2013,SOLEVUL,197.5705719,1353.785034
57,45.079075,12.72960835,2013,SOLEVUL,78.42978668,601.6231689
63,44.20530833,12.60119168,2013,SOLEVUL,287.2485657,5497.187988
64,44.1438,12.51960835,2013,SOLEVUL,5.660727024,136.7325439
65,44.084125,12.76100833,2013,SOLEVUL,195.1173401,3773.818115
66,43.598725,13.67254168,2013,SOLEVUL,360.2355652,5578.6875
68,42.90413332,13.97277501,2013,SOLEVUL,122.395546,2423.398193
70,42.58321667,14.23178333,2013,SOLEVUL,29.38080025,377.368042
71,42.26609166,14.56397502,2013,SOLEVUL,88.08309937,1886.909058
73,42.09575833,14.88314164,2013,SOLEVUL,100.1702652,1230.592896
74,41.98310834,15.08085833,2013,SOLEVUL,85.53987885,1531.404419
76,41.99335,15.67380832,2013,SOLEVUL,4.648906231,27.34650803
6,45.25754166,12.88704999,2013,SOLEVUL,74.6891098,431.7289734
9,45.00995,12.93224999,2013,SOLEVUL,15.36873722,164.0790558
10,45.11278334,13.24444167,2013,SOLEVUL,99.87786102,563.9782104
13,44.608625,12.75142501,2013,SOLEVUL,5.824806213,82.03952789
14,44.74179166,13.16481667,2013,SOLEVUL,72.79640198,519.5836792
18,44.38959999,12.84289999,2013,SOLEVUL,15.18987083,105.8527603
19,44.51354167,13.231625,2013,SOLEVUL,47.81108856,273.5187988
29,43.72331667,13.61664168,2013,SOLEVUL,33.49947357,164.0790558
51,45.333975,13.07040833,2013,SOLEVUL,29.74224854,164.0951538
53,44.56109165,13.55044998,2013,SOLEVUL,90.3706131,492.3338318
54,44.219325,12.97484169,2013,SOLEVUL,160.7154236,1175.899902
58,45.01525832,13.25118333,2013,SOLEVUL,81.71136475,574.2766724
59,44.68479999,12.77344166,2013,SOLEVUL,21.8772068,355.5046082
60,44.67595832,13.48282501,2013,SOLEVUL,186.5945282,1094.075195
61,44.45595833,12.66120001,2013,SOLEVUL,18.04869652,136.7325439
62,44.45064999,12.73129168,2013,SOLEVUL,11.64961243,164.0790558
67,43.34336667,13.98920832,2013,SOLEVUL,12.93489838,54.69301605
22,44.39138335,13.65236667,2013,SOLEVUL,97.9744339,437.6300964
23,44.33566666,14.0353,2013,SOLEVUL,17.7250309,107.4244232
26,44.04405,13.32970832,2013,SOLEVUL,13.97406483,191.4255524
30,43.98903332,14.03979167,2013,SOLEVUL,0,0
32,43.65650002,13.78854167,2013,SOLEVUL,9.790050507,54.69301605
35,43.45075835,14.206525,2013,SOLEVUL,0,0
36,43.69532499,13.71644999,2013,SOLEVUL,3.828511238,27.34650803
38,43.37525001,14.15211666,2013,SOLEVUL,0,0
69,42.67027499,14.2532,2013,SOLEVUL,3.652430534,26.8561058
75,42.03939167,15.46379167,2013,SOLEVUL,0,0
45,45.57051665,13.54303335,2013,SOLEVUL,0,0
1,45.419675,12.549025,2014,SOLEVUL,99.57060242,644.6595459
2,45.61958332,13.145675,2014,SOLEVUL,232.117157,1476.711426
3,45.64192499,13.49036667,2014,SOLEVUL,260.5064087,1476.421631
4,45.110475,12.38172499,2014,SOLEVUL,913.1820068,11786.34473
5,45.15508333,12.50754166,2014,SOLEVUL,120.6133804,769.0545044
6,45.25691667,12.89006666,2014,SOLEVUL,92.03014374,522.0510864
8,44.83618333,12.48372501,2014,SOLEVUL,1234.640137,22255.54297
12,44.84140835,12.54387499,2014,SOLEVUL,421.3276367,6207.657227
16,44.27574166,12.38711665,2014,SOLEVUL,20.2785511,445.6824341
17,44.34233333,12.55536668,2014,SOLEVUL,260.3621216,2479.108643
21,44.1505,12.75661669,2014,SOLEVUL,265.4525452,2133.027588
24,43.92109168,13.02267499,2014,SOLEVUL,86.27822876,793.0487061
25,43.96933333,13.07720833,2014,SOLEVUL,139.7133179,1093.860352
27,43.79729999,13.186475,2014,SOLEVUL,192.6561584,1859.5625
28,43.78428335,13.39130834,2014,SOLEVUL,112.8590317,875.0882568
31,43.59299164,13.60969168,2014,SOLEVUL,171.0185089,1604.970459
33,43.36863333,13.72683331,2014,SOLEVUL,57.45501709,902.4347534
34,43.38455833,13.87963336,2014,SOLEVUL,57.50970459,464.890625
37,43.13315,13.90441669,2014,SOLEVUL,221.1785583,1476.711426
43,45.383075,12.390575,2014,SOLEVUL,263.7023621,3801.164551
44,45.46683334,12.70955,2014,SOLEVUL,26.96365738,164.0790558
46,44.91301667,12.62984168,2014,SOLEVUL,486.9089355,5923.669434
47,44.59724998,12.54530001,2014,SOLEVUL,167.3770599,1435.832642
48,44.080525,12.60254167,2014,SOLEVUL,54.01997375,931.9329224
50,43.05589167,14.0241,2014,SOLEVUL,33.87707138,212.6811523
55,45.38874167,12.47438332,2014,SOLEVUL,282.3253479,2761.997314
56,45.32899167,12.9043417,2014,SOLEVUL,96.68556213,554.147583
57,45.07343333,12.73245834,2014,SOLEVUL,108.182785,820.3952637
63,44.21795834,12.58795834,2014,SOLEVUL,145.3513031,1435.568481
64,44.13996667,12.52869166,2014,SOLEVUL,37.59851837,678.9800415
65,44.09199167,12.75847502,2014,SOLEVUL,167.9329834,1253.231323
66,43.592425,13.68084167,2014,SOLEVUL,260.6395569,2078.334717
68,42.91183332,13.978475,2014,SOLEVUL,189.0464172,1504.057983
70,42.59184167,14.23088334,2014,SOLEVUL,24.69389725,164.0790558
71,42.2657,14.57095,2014,SOLEVUL,157.7620087,1121.206787
73,42.09075,14.88698333,2014,SOLEVUL,19.27928734,136.7325439
74,41.98154167,15.08398333,2014,SOLEVUL,57.97459412,437.5441284
76,41.99339167,15.680325,2014,SOLEVUL,97.05275726,683.6627197
9,45.01925835,12.92956667,2014,SOLEVUL,140.6253967,1058.527588
10,45.09823333,13.24466666,2014,SOLEVUL,105.557518,902.4347534
13,44.6132,12.74437501,2014,SOLEVUL,11.1452837,80.56832123
14,44.72698332,13.08820833,2014,SOLEVUL,245.7357178,1941.602051
18,44.39051668,12.84810836,2014,SOLEVUL,9.98147583,54.69301605
19,44.45665835,13.159175,2014,SOLEVUL,153.0492096,944.7481689
51,45.33085833,13.06459167,2016,SOLEVUL,3.336273909,27.34650803
53,44.56903334,13.55448335,2016,SOLEVUL,70.5292511,334.2618408
54,44.2334,12.98120832,2016,SOLEVUL,95.00177002,929.78125
58,45.0463,13.24648333,2016,SOLEVUL,34.96746826,282.9083252
59,44.70361665,12.75676667,2016,SOLEVUL,47.39149857,382.8511047
60,44.67705835,13.48709167,2016,SOLEVUL,137.3064423,656.4451294
61,44.46015833,12.65963335,2016,SOLEVUL,59.80681229,492.2371521
62,44.45061666,12.80180833,2016,SOLEVUL,26.58080673,191.4255524
67,43.35106665,13.98763332,2016,SOLEVUL,28.6864872,164.0790558
22,44.40351667,13.65811666,2016,SOLEVUL,57.54835892,218.8150482
23,44.33688334,14.03973333,2016,SOLEVUL,18.65398216,109.4075241
26,44.04086667,13.33643333,2016,SOLEVUL,54.36486053,464.890625
30,43.9669,13.99125832,2016,SOLEVUL,16.48720741,56.7545929
32,44.03728333,14.51275833,2016,SOLEVUL,12.64623928,55.71030426
35,43.45093333,14.20385833,2016,SOLEVUL,0,0
36,43.70771666,13.71545,2016,SOLEVUL,64.31755066,389.9721375
38,43.378525,14.16210833,2016,SOLEVUL,0,0
69,42.66490002,14.250925,2016,SOLEVUL,0,0
72,42.26153334,14.99165,2016,SOLEVUL,0,0
75,42.03686667,15.47190833,2016,SOLEVUL,0,0
45,45.56983334,13.53404166,2016,SOLEVUL,0,0
1,45.41925832,12.54750832,2017,SOLEVUL,318.5594788,2215.067139
2,45.62267501,13.138025,2017,SOLEVUL,95.02911377,628.9696655
3,45.64293334,13.49645834,2017,SOLEVUL,128.9759216,820.3416138
4,45.0989,12.38989167,2017,SOLEVUL,342.6033325,7143.724121
5,45.14996667,12.50930001,2017,SOLEVUL,189.23526,1498.208496
6,45.25355833,12.88440002,2017,SOLEVUL,149.4506836,1148.778931
8,44.82600835,12.47766666,2017,SOLEVUL,37.10426331,773.4938354
16,44.28500832,12.38771667,2017,SOLEVUL,4.949717999,164.0790558
17,44.34253333,12.56048333,2017,SOLEVUL,119.6674118,1398.675171
21,44.14631666,12.76000834,2017,SOLEVUL,236.2191162,3199.541504
24,43.91829999,13.0245,2017,SOLEVUL,158.3636322,2269.760254
25,43.97229999,13.07714167,2017,SOLEVUL,64.7492218,512.7974243
27,43.80665833,13.18713334,2017,SOLEVUL,155.9297943,2324.453125
28,43.79212497,13.38535833,2017,SOLEVUL,38.16433334,367.7808533
31,43.58219166,13.63935,2017,SOLEVUL,62.62350082,875.0882568
33,43.38496666,13.73538332,2017,SOLEVUL,25.07674789,492.2371521
34,43.36352501,13.90365,2017,SOLEVUL,60.83242035,351.6325073
37,43.10534167,13.92649167,2017,SOLEVUL,85.5125351,628.9696655
43,45.38380834,12.39323333,2017,SOLEVUL,83.18807983,1476.711426
44,45.46896667,12.71622499,2017,SOLEVUL,101.1820831,711.0092163
46,44.90799999,12.62079999,2017,SOLEVUL,403.9079285,5688.07373
47,44.57889166,12.54740833,2017,SOLEVUL,178.684906,1923.776733
48,44.05889167,12.6294,2017,SOLEVUL,13.80998611,246.118576
49,43.57714167,13.78319165,2017,SOLEVUL,28.91186333,164.085495
50,43.056275,14.02444167,2017,SOLEVUL,46.74017334,223.7561493
55,45.3857,12.45146666,2017,SOLEVUL,215.785141,3193.995117
56,45.33356667,12.88965832,2017,SOLEVUL,235.226181,1422.297729
57,45.0765,12.73395834,2017,SOLEVUL,171.8385162,1527.705078
63,44.20922499,12.59892499,2017,SOLEVUL,51.54816818,820.3952637
64,44.149925,12.52014999,2017,SOLEVUL,6.793139458,196.9026031
65,44.08681666,12.76277501,2017,SOLEVUL,63.43670654,1029.131226
66,43.59059165,13.68042501,2017,SOLEVUL,121.8013458,984.4743042
68,42.89993334,13.97679167,2017,SOLEVUL,118.0548706,929.78125
70,42.57794164,14.233625,2017,SOLEVUL,69.41701508,410.1914368
71,42.26714167,14.56565832,2017,SOLEVUL,55.75952911,437.5441284
73,42.08863583,14.88943332,2017,SOLEVUL,60.27170181,546.9301758
74,41.98608333,15.08750833,2017,SOLEVUL,28.08486176,246.118576
76,41.99666665,15.69949169,2017,SOLEVUL,33.85497665,273.4650879
10,45.120675,13.248,2017,SOLEVUL,29.57647514,224.2765961
13,44.6084,12.74737501,2017,SOLEVUL,24.36573792,191.4255524
14,44.73652503,13.16603333,2017,SOLEVUL,122.5670471,957.1278076
18,44.39059165,12.84751666,2017,SOLEVUL,110.6713181,902.4347534
29,43.73014167,13.60745834,2017,SOLEVUL,72.82060242,480.9441833
51,45.33699166,13.07833333,2017,SOLEVUL,0,0
53,44.56074998,13.55038331,2017,SOLEVUL,92.7228775,547.0375977
54,44.23752499,12.97579165,2017,SOLEVUL,116.0246964,974.1357422
58,45.04768333,13.25065,2017,SOLEVUL,39.52704239,314.7474976
59,44.68954169,12.76083336,2017,SOLEVUL,8.36316967,27.60122108
60,44.67269166,13.49615833,2017,SOLEVUL,117.9433975,769.1960449
61,44.46220833,12.66329168,2017,SOLEVUL,16.09748459,141.4541626
62,44.44871667,12.73422502,2017,SOLEVUL,12.43089771,74.58538055
67,43.35319166,13.99049168,2017,SOLEVUL,28.28688431,168.2074432
22,44.44195833,13.66584167,2017,SOLEVUL,27.60420609,193.0364075
23,44.33565834,14.04378333,2017,SOLEVUL,86.59160614,364.5962524
26,44.04888333,13.32273334,2017,SOLEVUL,101.9601669,650.689209
30,43.96552499,13.98725835,2017,SOLEVUL,23.9170475,74.58538055
32,44.04909167,14.48706667,2017,SOLEVUL,49.74844742,198.8943634
35,43.41394167,14.25466666,2017,SOLEVUL,0,0
36,43.70445,13.71020835,2017,SOLEVUL,54.36486053,246.118576
38,43.37885,14.141675,2017,SOLEVUL,5.767908573,25.63515091
69,42.6724,14.250375,2017,SOLEVUL,9.420895576,52.92638016
72,42.26069167,14.989125,2017,SOLEVUL,0,0
75,42.03920833,15.46564167,2017,SOLEVUL,0,0
45,45.57140834,13.53943332,2017,SOLEVUL,115.2124252,546.8944092
1,45.42309167,12.554825,2018,SOLEVUL,419.0031738,3062.808838
2,45.61875833,13.140625,2018,SOLEVUL,306.596405,2230.258057
3,45.63975833,13.4866,2018,SOLEVUL,31.1822567,149.197403
4,45.082975,12.45474167,2018,SOLEVUL,518.3257446,7848.447754
5,45.149225,12.51440833,2018,SOLEVUL,252.9616394,2090.592041
6,45.25920833,12.88954166,2018,SOLEVUL,36.51117325,256.3986816
8,44.83140834,12.48265001,2018,SOLEVUL,224.1167603,4234.110352
12,44.84039167,12.55069167,2018,SOLEVUL,589.7821045,9215.773438
16,44.27254167,12.39346668,2018,SOLEVUL,24.42043114,464.890625
17,44.33184999,12.55724999,2018,SOLEVUL,312.5705872,3527.699463
21,44.147075,12.76129169,2018,SOLEVUL,161.5358276,1476.711426
24,43.91574167,13.024175,2018,SOLEVUL,247.6651001,2403.189697
25,43.96579167,13.07841667,2018,SOLEVUL,183.1669159,1422.018433
27,43.804175,13.19571667,2018,SOLEVUL,120.6801453,1531.404419
28,43.80005,13.39016666,2018,SOLEVUL,94.45728302,683.7298584
31,43.57398335,13.61450834,2018,SOLEVUL,282.2283936,2562.674072
33,43.34964999,13.73995832,2018,SOLEVUL,45.94664383,492.2854919
34,43.37969166,13.88360001,2018,SOLEVUL,11.95042419,82.03952789
37,43.11209166,13.92328332,2018,SOLEVUL,115.2108307,820.3952637
43,45.38209999,12.37969999,2018,SOLEVUL,74.60626984,1235.380859
44,45.468375,12.71128333,2018,SOLEVUL,175.3731537,1175.899902
46,44.89756667,12.62495832,2018,SOLEVUL,623.965271,10145.55469
47,44.57179998,12.54668334,2018,SOLEVUL,129.048172,1148.553345
48,44.06316666,12.61101665,2018,SOLEVUL,68.40250397,1315.949219
49,43.57928333,13.76714166,2018,SOLEVUL,65.24876404,519.5836792
50,43.05214167,14.01258333,2018,SOLEVUL,43.56298828,300.8115845
51,45.3364,13.08474167,2018,SOLEVUL,48.90397644,344.0214844
55,45.38260001,12.44953334,2018,SOLEVUL,878.4519043,8723.536133
56,45.33325833,12.88333333,2018,SOLEVUL,89.97484589,635.1165771
57,45.08025833,12.72601668,2018,SOLEVUL,305.3926392,2578.119873
63,44.20375001,12.60408335,2018,SOLEVUL,240.6766052,3336.273926
64,44.138975,12.52400834,2018,SOLEVUL,29.34280205,464.890625
65,44.08953333,12.75685002,2018,SOLEVUL,180.8697968,1859.5625
66,43.58899167,13.68196669,2018,SOLEVUL,315.6880798,2597.918213
68,42.89900001,13.97771667,2018,SOLEVUL,88.65737915,738.3557129
70,42.57365834,14.23939167,2018,SOLEVUL,39.43366623,273.4650879
71,42.26595834,14.56795832,2018,SOLEVUL,26.67489624,211.7055206
73,42.0899,14.88955832,2018,SOLEVUL,27.89343834,246.118576
74,41.96971664,15.09539167,2018,SOLEVUL,26.61245728,234.470993
76,41.99756667,15.70415001,2018,SOLEVUL,12.7434721,82.03952789
9,45.01556666,12.93069998,2018,SOLEVUL,120.6192245,926.2116699
10,45.11314166,13.24860833,2018,SOLEVUL,22.86168098,218.7720642
13,44.61169999,12.74915002,2018,SOLEVUL,44.82092667,410.1976318
14,44.74025834,13.15964166,2018,SOLEVUL,227.7419739,1775.241577
18,44.38954167,12.85203333,2018,SOLEVUL,52.00016785,344.0214844
19,44.46010833,13.15921667,2018,SOLEVUL,173.8292847,868.6638184
29,43.72933334,13.60915833,2018,SOLEVUL,77.36327362,519.5836792
53,44.56205835,13.554925,2018,SOLEVUL,75.16973877,476.4279175
54,44.234275,12.98590002,2018,SOLEVUL,123.0999985,871.5951538
58,45.04214167,13.252775,2018,SOLEVUL,65.62871552,582.1901855
59,44.70078335,12.75749998,2018,SOLEVUL,46.36351013,317.5582886
60,44.67129167,13.50658333,2018,SOLEVUL,122.2205811,745.8538208
61,44.44859166,12.67304999,2018,SOLEVUL,47.6376152,328.1581116
62,44.44561666,12.74071668,2018,SOLEVUL,23.63162994,132.3159485
67,43.35808333,13.98419167,2018,SOLEVUL,47.82904053,300.8115845
22,44.40566667,13.64950832,2018,SOLEVUL,135.6861877,615.3568726
23,44.34535001,14.03291667,2018,SOLEVUL,70.04812622,461.5176392
26,44.04219167,13.33535833,2018,SOLEVUL,43.96428299,281.9866638
30,43.96160831,13.99404168,2018,SOLEVUL,8.73638916,25.32286644
32,44.0523,14.486075,2018,SOLEVUL,30.43266869,158.7791443
35,43.43326666,14.213825,2018,SOLEVUL,0,0
36,43.69843334,13.71021668,2018,SOLEVUL,12.19654274,54.69301605
38,43.37553333,14.14766666,2018,SOLEVUL,1.508401871,26.46319008
69,42.65785001,14.261675,2018,SOLEVUL,3.582392454,27.34650803
72,42.26035,15.00018334,2018,SOLEVUL,0,0
75,42.036275,15.47781666,2018,SOLEVUL,0,0
45,45.60836665,13.52884167,2018,SOLEVUL,135.3190765,904.3881226
3,45.64329999,13.49841666,2019,SOLEVUL,75.23630524,483.3167114
31,43.57867498,13.61100833,2019,SOLEVUL,157.6252747,1339.978882
49,43.58062499,13.77310832,2019,SOLEVUL,28.24894333,191.4255524
1,45.41389167,12.54509166,2019,SOLEVUL,121.6613998,916.8363647
2,45.61243334,13.12669167,2019,SOLEVUL,173.7858734,1933.639648
4,45.10559167,12.38285,2019,SOLEVUL,167.9580841,3303.301025
68,42.89868336,13.97731667,2019,SOLEVUL,15.91566849,109.3860321
70,42.58793332,14.23148333,2019,SOLEVUL,12.27858257,82.03952789
71,42.27270833,14.57301664,2019,SOLEVUL,106.4157028,410.2378845
73,42.09601667,14.8765,2019,SOLEVUL,52.01306152,464.890625
74,41.980275,15.08834167,2019,SOLEVUL,38.83203888,328.1581116
76,41.99630833,15.69779167,2019,SOLEVUL,12.57939339,136.7325439
66,43.58843333,13.68465001,2019,SOLEVUL,204.9073792,1613.44397
65,44.08705,12.76149168,2019,SOLEVUL,72.09916687,984.5130005
64,44.15335,12.51258334,2019,SOLEVUL,17.51715851,410.2378845
63,44.20099167,12.60595001,2019,SOLEVUL,131.2905884,2105.681152
57,45.07584167,12.73408333,2019,SOLEVUL,194.8410492,1530.798096
56,45.32701667,12.86943334,2019,SOLEVUL,216.1468048,1394.671875
55,45.38601667,12.47079166,2019,SOLEVUL,565.7719116,6946.013184
50,43.04819167,14.01619167,2019,SOLEVUL,25.32286644,82.03952789
48,44.064675,12.62364168,2019,SOLEVUL,17.10692024,246.142746
47,44.57909997,12.53805,2019,SOLEVUL,142.776123,1695.483521
46,44.90849997,12.62003333,2019,SOLEVUL,251.2597046,4238.708984
44,45.46416666,12.71204999,2019,SOLEVUL,96.68198395,671.4026489
43,45.38669167,12.39965,2019,SOLEVUL,66.1729126,1063.665894
37,43.108875,13.93388332,2019,SOLEVUL,27.70201302,191.4255524
34,43.34926666,13.88893334,2019,SOLEVUL,45.61397552,300.8115845
33,43.38412499,13.71386668,2019,SOLEVUL,23.45500946,298.3149109
28,43.79341669,13.37797499,2019,SOLEVUL,117.0977478,711.0092163
27,43.79666669,13.19652499,2019,SOLEVUL,48.36916733,501.3716431
25,43.97171666,13.07474167,2019,SOLEVUL,101.0058136,671.4026489
24,43.91465,13.02910833,2019,SOLEVUL,126.3682251,1558.750977
21,44.1467,12.7596,2019,SOLEVUL,100.0335236,1285.285889
17,44.329725,12.56615833,2019,SOLEVUL,171.356369,2092.213379
16,44.29127499,12.38473333,2019,SOLEVUL,96.06828308,2050.988037
12,44.83744167,12.545625,2019,SOLEVUL,249.618927,3828.51123
8,44.82870833,12.47900834,2019,SOLEVUL,807.4019775,19497.5332
6,45.257525,12.87201665,2019,SOLEVUL,65.31629181,437.6300964
5,45.14250833,12.51830001,2019,SOLEVUL,176.8206024,1557.654175
10,45.08451666,13.23520834,2019,SOLEVUL,78.97671509,546.9301758
14,44.74868333,13.172025,2019,SOLEVUL,136.5958099,1121.206787
19,44.46593332,13.15954167,2019,SOLEVUL,231.5063019,1531.705322
67,43.35135001,13.99905832,2019,SOLEVUL,4.375441074,27.34650803
62,44.44135,12.72975833,2019,SOLEVUL,9.297812462,82.03952789
61,44.46138333,12.65393333,2019,SOLEVUL,88.35656738,546.9301758
60,44.67757498,13.48625,2019,SOLEVUL,360.7849426,2094.776367
59,44.70141668,12.75847499,2019,SOLEVUL,16.46259689,82.03952789
58,45.02860833,13.24470833,2019,SOLEVUL,91.65989685,644.5465698
54,44.24355834,12.97520835,2019,SOLEVUL,131.3999786,1093.860352
53,44.56491664,13.55423333,2019,SOLEVUL,97.09918213,547.0375977
51,45.33419167,13.05735,2019,SOLEVUL,100.7171936,738.3557129
29,43.72721666,13.60829166,2019,SOLEVUL,21.02833176,107.4244232
18,44.39291666,12.85065832,2019,SOLEVUL,51.30205154,382.8511047
13,44.61059999,12.75126667,2019,SOLEVUL,8.887615204,54.69301605
9,45.01449166,12.928875,2019,SOLEVUL,100.1429138,765.7022095
22,44.40458333,13.6511,2019,SOLEVUL,156.398056,765.8526611
23,44.34109166,14.034125,2019,SOLEVUL,154.4834137,820.5563965
26,44.04780833,13.32350834,2019,SOLEVUL,98.17396545,546.9301758
30,43.96823333,14.00331668,2019,SOLEVUL,0,0
32,44.04948333,14.49949168,2019,SOLEVUL,62.45942307,328.1581116
36,43.69865834,13.71092498,2019,SOLEVUL,48.6350975,222.841217
69,42.66105833,14.26261667,2019,SOLEVUL,0,0
72,42.26175001,14.98225835,2019,SOLEVUL,0,0
75,42.03810833,15.48185,2019,SOLEVUL,0,0
38,43.37926668,14.15946666,2019,SOLEVUL,14.82180691,54.69301605
35,43.45832499,14.19588333,2019,SOLEVUL,0,0
45,45.57104165,13.53299999,2019,SOLEVUL,47.5864029,325.2456513
5,45.146525,12.51984167,2020,SOLEVUL,197.1956787,1832.216064
28,43.79438334,13.38290833,2020,SOLEVUL,74.14971161,510.2660217
65,44.09511667,12.75857503,2020,SOLEVUL,275.7895203,4129.322754
76,41.99763333,15.69776669,2020,SOLEVUL,17.17360687,136.7325439
71,42.27199167,14.57149169,2020,SOLEVUL,9.079040527,54.69301605
46,44.90625833,12.63131666,2020,SOLEVUL,306.4449463,5441.955078
2,45.62047501,13.14648334,2020,SOLEVUL,109.5774536,847.7417603
12,44.83946667,12.54676666,2020,SOLEVUL,247.2124329,4101.976074
17,44.33071666,12.56680002,2020,SOLEVUL,175.1614532,2461.669189
25,43.96873334,13.08231667,2020,SOLEVUL,170.2320099,1339.978882
31,43.57400834,13.62057498,2020,SOLEVUL,7.270195007,222.841217
50,43.04770833,14.01740833,2020,SOLEVUL,5.77406311,53.71221161
73,42.08978333,14.88977502,2020,SOLEVUL,24.99470901,191.4255524
1,45.41117501,12.54552501,2020,SOLEVUL,119.3382034,1517.880249
3,45.64391667,13.498525,2020,SOLEVUL,205.386673,1558.445068
4,45.09813333,12.38762499,2020,SOLEVUL,350.9650879,6781.934082
6,45.25949167,12.88026667,2020,SOLEVUL,157.8064728,1181.668701
8,44.83289165,12.48650832,2020,SOLEVUL,267.2027283,5551.341309
16,44.29731666,12.38282499,2020,SOLEVUL,18.28900909,349.1293945
21,44.1692,12.74200834,2020,SOLEVUL,191.2888184,2461.185791
24,43.91483332,13.02705,2020,SOLEVUL,281.5870056,5223.183105
27,43.79359166,13.19315,2020,SOLEVUL,88.30287933,1691.934692
33,43.38139167,13.73317499,2020,SOLEVUL,13.58918953,268.5610657
34,43.351675,13.88851668,2020,SOLEVUL,28.41302299,164.0790558
37,43.11065,13.93334999,2020,SOLEVUL,69.42303467,510.2660217
43,45.35467501,12.38995833,2020,SOLEVUL,342.7376404,5747.206543
44,45.46078332,12.705325,2020,SOLEVUL,191.8331757,1772.503052
47,44.57825832,12.54706666,2020,SOLEVUL,63.79940033,628.9696655
49,43.57014999,13.77529167,2020,SOLEVUL,65.16673279,464.890625
55,45.38543334,12.45853333,2020,SOLEVUL,792.3676758,13370.47363
56,45.33499999,12.86799167,2020,SOLEVUL,177.5335388,1504.057983
63,44.21081667,12.59764999,2020,SOLEVUL,180.1587982,2871.383301
64,44.1441,12.52466667,2020,SOLEVUL,42.87932587,793.0487061
66,43.592875,13.67936665,2020,SOLEVUL,97.32653046,1047.388184
70,42.57848336,14.235675,2020,SOLEVUL,18.32215881,136.7325439
74,41.98096666,15.08466667,2020,SOLEVUL,18.73235893,136.7325439
54,44.22863333,12.98753332,2020,SOLEVUL,87.36291504,751.9709473
61,44.454175,12.66088333,2020,SOLEVUL,41.59403992,355.5046082
67,43.34642499,13.98769169,2020,SOLEVUL,15.45077705,109.3860321
9,45.00741668,12.9279,2020,SOLEVUL,83.36135864,913.107605
18,44.39224165,12.84930833,2020,SOLEVUL,87.78229523,628.9696655
51,45.33629166,13.07790833,2020,SOLEVUL,139.9047394,1203.246338
13,44.61004168,12.71627499,2020,SOLEVUL,38.83204269,382.8511047
14,44.71836665,13.08529167,2020,SOLEVUL,149.5079346,1154.812622
19,44.45071667,13.15789166,2020,SOLEVUL,277.3480835,1914.631592
29,43.71669168,13.62533334,2020,SOLEVUL,3.706142664,26.8561058
57,45.0592,12.74921665,2020,SOLEVUL,224.2485046,2229.056885
59,44.69525833,12.76506666,2020,SOLEVUL,28.63179588,218.7720642
30,43.96221666,13.95245002,2020,SOLEVUL,0,0
35,43.44609167,14.22060833,2020,SOLEVUL,0,0
38,43.37661667,14.17183333,2020,SOLEVUL,0,0
26,44.04948333,13.32261667,2020,SOLEVUL,45.25846863,273.4650879
32,43.65139999,13.80500835,2020,SOLEVUL,41.04711151,164.0790558
36,43.69486666,13.72405831,2020,SOLEVUL,23.4086113,109.3860321
69,42.66505833,14.25287499,2020,SOLEVUL,0,0
72,42.25395833,14.99443332,2020,SOLEVUL,0,0
75,42.054375,15.48146667,2020,SOLEVUL,0,0
45,45.57059167,13.53157501,2020,SOLEVUL,260.0596237,992.2496035
25,43.96695833,13.079375,2021,SOLEVUL,72.64576721,563.9782104
21,44.150025,12.76684999,2021,SOLEVUL,133.8161469,1337.047363
63,44.20154167,12.59946667,2021,SOLEVUL,293.2418518,3974.703613
17,44.33085,12.56376667,2021,SOLEVUL,167.7764282,1695.816528
65,44.08816667,12.78250001,2021,SOLEVUL,200.8601074,2133.027588
48,44.06531667,12.61923332,2021,SOLEVUL,39.24481964,1114.206177
64,44.14175833,12.52359999,2021,SOLEVUL,78.59386444,1312.632446
16,44.30615001,12.37738333,2021,SOLEVUL,33.8440094,779.9442749
47,44.57829167,12.54696668,2021,SOLEVUL,125.0282364,1148.553345
1,45.41191667,12.547275,2021,SOLEVUL,114.9280396,851.3188477
2,45.6103,13.12915,2021,SOLEVUL,488.9154053,3759.85498
3,45.64293334,13.49561666,2021,SOLEVUL,284.4572449,1640.468506
4,45.100925,12.38283334,2021,SOLEVUL,543.7824707,10017.32715
5,45.1559,12.49621666,2021,SOLEVUL,234.8029327,2282.769043
6,45.256725,12.88293333,2021,SOLEVUL,79.44289398,612.8133545
8,44.84006666,12.49175833,2021,SOLEVUL,157.5765991,2144.84668
12,44.83841667,12.54498332,2021,SOLEVUL,278.8796997,3773.818115
24,43.91985833,13.02511667,2021,SOLEVUL,213.93573,3303.301025
28,43.77866669,13.38680833,2021,SOLEVUL,32.95254135,246.118576
33,43.37981668,13.73457502,2021,SOLEVUL,63.04088593,448.5956726
34,43.35250001,13.89498332,2021,SOLEVUL,22.86167908,164.0790558
37,43.106875,13.933275,2021,SOLEVUL,41.55988693,278.5515137
43,45.37604167,12.37461667,2021,SOLEVUL,165.6510468,1909.522095
44,45.46248333,12.70808334,2021,SOLEVUL,118.8022232,919.2200317
46,44.90761668,12.62440001,2021,SOLEVUL,257.3853149,3445.659912
49,43.57045835,13.78380836,2021,SOLEVUL,34.59192276,198.6410675
50,43.045675,14.02153333,2021,SOLEVUL,27.46518326,111.4206085
55,45.38564167,12.46081665,2021,SOLEVUL,1077.807983,12573.9248
56,45.33308334,12.90240002,2021,SOLEVUL,122.4576569,902.4347534
57,45.06910834,12.73747501,2021,SOLEVUL,261.2813416,2479.108643
66,43.59113331,13.68468332,2021,SOLEVUL,162.6019135,1049.959961
68,42.89783332,13.98705835,2021,SOLEVUL,96.39644623,793.0487061
27,43.80296666,13.18299167,2021,SOLEVUL,41.6760788,546.9301758
31,43.58300835,13.62261664,2021,SOLEVUL,134.7353668,1671.309204
54,44.246225,12.97369998,2021,SOLEVUL,115.3760452,891.3648682
9,45.01574168,12.92326667,2021,SOLEVUL,72.0033493,738.3557129
10,45.117375,13.24661667,2021,SOLEVUL,56.21170044,445.6824341
13,44.60843334,12.75270834,2021,SOLEVUL,40.25730133,322.2732849
14,44.72397499,13.08520833,2021,SOLEVUL,177.4373169,1476.32312
18,44.38865833,12.846,2021,SOLEVUL,78.0779953,584.9581909
19,44.46581667,13.157475,2021,SOLEVUL,213.3094025,1445.96936
29,43.72445834,13.61461665,2021,SOLEVUL,13.39978886,54.69301605
51,45.33774999,13.08295,2021,SOLEVUL,46.55490875,448.7940979
53,44.57118333,13.546175,2021,SOLEVUL,112.033432,501.3927612
58,45.04441667,13.24651666,2021,SOLEVUL,53.25905228,362.1169739
59,44.70467501,12.75824165,2021,SOLEVUL,72.35886383,574.2766724
60,44.68394168,13.48310833,2021,SOLEVUL,88.81650543,615.3568726
61,44.45232499,12.65685002,2021,SOLEVUL,25.78899765,227.8850861
62,44.437075,12.73190832,2021,SOLEVUL,60.30640411,445.6824341
67,43.35515,13.98301668,2021,SOLEVUL,11.21206856,54.69301605
26,44.03750833,13.33854167,2021,SOLEVUL,45.03476715,283.7729492
22,44.40341668,13.64878333,2021,SOLEVUL,62.00556564,389.9721375
23,44.33661668,14.03676667,2021,SOLEVUL,40,167.1309204
32,43.65241664,13.81300001,2021,SOLEVUL,22.9288559,113.5091858
35,43.43703334,14.21158333,2021,SOLEVUL,0,0
36,43.69400002,13.72260002,2021,SOLEVUL,9.790050507,54.69301605
38,43.371875,14.15911667,2021,SOLEVUL,0,0
45,45.56997503,13.533625,2021,SOLEVUL,110.6921158,577.2724152
1,45.42269999,12.55639165,2022,SOLEVUL,148.5745087,1196.527222
2,45.61655,13.132975,2022,SOLEVUL,60.77536774,429.6976929
8,44.83253333,12.48585835,2022,SOLEVUL,510.4875793,6954.871582
3,45.61011667,13.53259168,2022,SOLEVUL,253.1242828,1640.468506
12,44.84155836,12.55029999,2022,SOLEVUL,328.5136108,3336.273926
16,44.28745,12.38869999,2022,SOLEVUL,88.74277496,1372.175049
17,44.33243333,12.56559165,2022,SOLEVUL,172.3135071,1794.38269
21,44.14300833,12.7643,2022,SOLEVUL,267.809082,2658.754395
24,43.91970002,13.02131668,2022,SOLEVUL,187.7715912,2005.571045
25,43.96120001,13.080275,2022,SOLEVUL,268.6296387,2586.022217
27,43.79455001,13.1917,2022,SOLEVUL,129.961792,1475.195068
28,43.79144999,13.3785,2022,SOLEVUL,189.0669861,1477.085815
31,43.57360001,13.63520835,2022,SOLEVUL,184.9042969,1906.783569
43,45.37113333,12.382575,2022,SOLEVUL,270.0732727,3145.157471
44,45.46862501,12.71908334,2022,SOLEVUL,160.8913574,1197.771606
46,44.91009169,12.62675832,2022,SOLEVUL,203.2392578,2351.799805
47,44.57645833,12.54606667,2022,SOLEVUL,251.2657318,2417.049561
48,44.05621667,12.63159167,2022,SOLEVUL,73.32692719,794.56427
49,43.58165833,13.76909167,2022,SOLEVUL,81.91112518,671.4026489
55,45.38608333,12.46065,2022,SOLEVUL,430.8865662,4410.057617
63,44.2017,12.60606667,2022,SOLEVUL,231.3363342,2339.492676
64,44.13790834,13.53643335,2022,SOLEVUL,161.4601288,2428.465332
65,44.08533333,12.76245832,2022,SOLEVUL,199.4795227,2011.202393
66,43.59685831,13.67527501,2022,SOLEVUL,201.3402252,1853.071289
4ms,44.26673334,13.11696666,2022,SOLEVUL,52.53054428,161.1366425
5ms,44.27611667,13.11343333,2022,SOLEVUL,62.95071411,107.4244232
6ms,44.27425834,13.11645833,2022,SOLEVUL,47.13092041,111.4206085
7ms,44.3035,13.13486667,2022,SOLEVUL,86.03212738,401.0821533
8ms,44.3041,13.14386667,2022,SOLEVUL,39.37086868,105.5519257
9ms,44.30275,13.15233333,2022,SOLEVUL,35.79153824,103.7435913
11ms,44.29745,13.18512499,2022,SOLEVUL,38.87686157,158.3578949
12ms,44.29725833,13.19372501,2022,SOLEVUL,21.55557632,83.54875183
9,45.01895834,12.92311665,2022,SOLEVUL,124.5586243,1101.100342
13,44.61566668,12.75925833,2022,SOLEVUL,33.22600937,191.4255524
18,44.39451666,12.84378332,2022,SOLEVUL,49.79798889,355.5046082
19,44.446525,13.16180833,2022,SOLEVUL,127.6785812,765.8526611
29,43.72890832,13.62000001,2022,SOLEVUL,13.15367031,82.03952789
57,45.07383333,12.73445835,2022,SOLEVUL,350.6095886,3418.313477
59,44.69676666,12.765625,2022,SOLEVUL,43.45318222,322.2732849
61,44.46091666,12.65917501,2022,SOLEVUL,59.37884903,510.2660217
62,44.44897501,12.73358332,2022,SOLEVUL,43.59033203,328.1581116
54ms,44.26611667,13.07195834,2022,SOLEVUL,88.31014252,737.8096924
2ms,44.270225,13.07383333,2022,SOLEVUL,76.71621704,528.6722412
3ms,44.27012501,13.08469167,2022,SOLEVUL,51.53094482,109.4075241
10ms,44.29296667,13.18011667,2022,SOLEVUL,114.5046921,492.1405334
26,44.04568333,13.32749999,2022,SOLEVUL,32.81336975,250.6963806
32,43.65543331,13.80194168,2022,SOLEVUL,6.875163555,26.8561058
36,43.69501667,13.70872498,2022,SOLEVUL,4.320748329,27.34650803
45,45.57009166,13.54209166,2022,SOLEVUL,91.64892958,565.6198578
