"station","lat","lon","year","species","biomindex","abunindex"
"1",44.55919167,12.33923333,"2005","SQUIMAN",217.3620758,4593.311523
"2",44.58756666,12.52665,"2005","SQUIMAN",70.13027954,1477.212402
"7",44.28683333,12.38481666,"2005","SQUIMAN",0,0
"8",44.33745834,12.50063334,"2005","SQUIMAN",35.14351654,693.9165649
"13",44.11445833,12.54723333,"2005","SQUIMAN",0,0
"14",44.12538334,12.7034083,"2005","SQUIMAN",6.748479843,128.5424805
"20",43.91809168,12.939125,"2005","SQUIMAN",0,0
"21",43.96149168,13.085875,"2005","SQUIMAN",10.32064342,238.1687164
"27",43.70814168,13.26906667,"2005","SQUIMAN",0,0
"28",43.78078334,13.37115833,"2005","SQUIMAN",19.00582314,464.890625
"34",43.57639167,13.61097501,"2005","SQUIMAN",3.378137112,72.38864899
"35",43.59596666,13.74535834,"2005","SQUIMAN",34.60745239,1256.122437
"40",43.34727499,13.73523334,"2005","SQUIMAN",8.203415871,167.1066132
"41",43.373675,13.88284168,"2005","SQUIMAN",16.40878487,459.9432068
"47",43.11429167,13.87239167,"2005","SQUIMAN",3.619432688,96.51820374
"48",43.13949167,13.98194167,"2005","SQUIMAN",12.04852104,333.256958
"101",45.3618,12.35491667,"2005","SQUIMAN",29.78399658,1362.110229
"102",45.39698334,12.48796666,"2005","SQUIMAN",31.510355,687.4986572
"103",45.47975,12.79893335,"2005","SQUIMAN",185.0117798,4598.086426
"104",45.56870003,13.13261666,"2005","SQUIMAN",2.845681429,81.30518341
"105",45.65718333,13.46719999,"2005","SQUIMAN",1.207418919,30.18547249
"106",45.71051668,13.66778336,"2005","SQUIMAN",17.15218735,290.2677917
"107",45.1102,12.35911668,"2005","SQUIMAN",271.457428,5887.610352
"108",45.14471666,12.49168332,"2005","SQUIMAN",2.637243748,73.25676727
"109",45.23311667,12.82371667,"2005","SQUIMAN",1.859135032,53.11814117
"110",45.32141666,13.15628333,"2005","SQUIMAN",0,0
"112",44.87951667,12.50316668,"2005","SQUIMAN",61.18881226,1412.236816
"113",44.91511669,12.63518333,"2005","SQUIMAN",121.0878754,2792.43457
"3",44.68776668,12.77601668,"2005","SQUIMAN",198.0876617,8442.073242
"4",44.75881669,13.05885,"2005","SQUIMAN",0.621544898,37.29269028
"5",44.86115001,13.42234166,"2005","SQUIMAN",0,0
"9",44.42903333,12.84175002,"2005","SQUIMAN",6.086534023,436.6426392
"10",44.51235833,13.15390833,"2005","SQUIMAN",0,0
"11",44.60295,13.47998333,"2005","SQUIMAN",0,0
"15",44.224625,13.01190833,"2005","SQUIMAN",0.384527266,25.63515091
"114",45.00286667,12.96538334,"2005","SQUIMAN",17.7710247,1585.045776
"115",45.0911,13.29611667,"2005","SQUIMAN",0,0
"16",44.29641668,13.35648333,"2005","SQUIMAN",0,0
"17",44.39732501,13.66475,"2005","SQUIMAN",0,0
"18",44.4412,13.88720001,"2005","SQUIMAN",0,0
"22",44.03598333,13.3917,"2005","SQUIMAN",0,0
"23",44.128175,13.70083332,"2005","SQUIMAN",0,0
"24",44.224425,14.0396,"2005","SQUIMAN",0,0
"29",43.87463334,13.681775,"2005","SQUIMAN",0,0
"30",43.94793332,14.00480832,"2005","SQUIMAN",0,0
"31",44.02759167,14.309425,"2005","SQUIMAN",0,0
"36",43.69045,14.07151667,"2005","SQUIMAN",0,0
"37",43.77285833,14.3706,"2005","SQUIMAN",0,0
"38",43.87123334,14.72010002,"2005","SQUIMAN",0,0
"1",45.38526667,12.45704166,"2006","SQUIMAN",5.181766033,126.3845444
"2",45.59166667,13.1,"2006","SQUIMAN",97.53929138,2489.496582
"3",45.66940832,13.51147501,"2006","SQUIMAN",1.662994146,41.5748558
"4",45.09904167,12.37793334,"2006","SQUIMAN",7.756532192,210.3466492
"5",45.15145001,12.50060833,"2006","SQUIMAN",0.243375644,16.22504425
"6",45.238775,12.84990832,"2006","SQUIMAN",0.216333911,21.63339233
"8",44.904625,12.53149168,"2006","SQUIMAN",27.62873268,579.529541
"12",44.59268332,12.35505834,"2006","SQUIMAN",2.950757742,110.6534195
"16",44.28812501,12.45860833,"2006","SQUIMAN",1.025594711,20.51189423
"17",44.31325833,12.56945,"2006","SQUIMAN",12.82604599,452.6839905
"21",44.145425,12.75641667,"2006","SQUIMAN",9.04786396,214.6950989
"24",43.93093335,12.99422502,"2006","SQUIMAN",12.10391903,255.5271912
"25",43.97676668,13.0653,"2006","SQUIMAN",10.65323734,281.6373291
"27",43.74651667,13.19993333,"2006","SQUIMAN",0,0
"31",43.58388335,13.59571667,"2006","SQUIMAN",7.946896553,128.1757507
"33",43.399075,13.70545832,"2006","SQUIMAN",4.463125706,91.88787842
"34",43.37753334,13.86211665,"2006","SQUIMAN",31.68774223,801.5871582
"37",43.15116667,13.87613331,"2006","SQUIMAN",56.81794739,1722.999146
"43",45.37564999,12.40067499,"2006","SQUIMAN",5.008118153,200.3247223
"44",45.47210833,12.72950834,"2006","SQUIMAN",1.201804399,40.06014633
"45",45.68305,13.61899166,"2006","SQUIMAN",70.40405273,1118.181885
"46",44.91422501,12.64197502,"2006","SQUIMAN",107.7499084,3738.441406
"47",44.59001668,12.401825,"2006","SQUIMAN",3.76236105,171.0164185
"48",44.06129167,12.60989167,"2006","SQUIMAN",0,0
"49",43.58243335,13.76397502,"2006","SQUIMAN",4.317672253,135.6982727
"50",43.06099167,14.01376667,"2006","SQUIMAN",6.689856052,183.0908051
"51",45.32220834,13.149,"2006","SQUIMAN",1.949860692,27.85515213
"55",45.31546667,12.49995,"2006","SQUIMAN",0,0
"56",45.31058334,12.90660833,"2006","SQUIMAN",0,0
"57",45.06403333,12.75746667,"2006","SQUIMAN",11.64945984,318.6177368
"63",44.22986666,12.58211667,"2006","SQUIMAN",1.131709933,37.72366714
"64",44.18273333,12.51018333,"2006","SQUIMAN",0.321727335,16.08636856
"65",44.07574167,12.75051664,"2006","SQUIMAN",2.050758123,58.59309006
"66",43.596825,13.67810001,"2006","SQUIMAN",11.01642704,328.1488953
"9",44.99451668,12.98117501,"2006","SQUIMAN",2.628317118,100.1263657
"10",45.08854167,13.27226666,"2006","SQUIMAN",0,0
"13",44.61051664,12.74791667,"2006","SQUIMAN",80.39022827,3874.380127
"14",44.75622498,13.11739167,"2006","SQUIMAN",1.773931146,55.43534851
"15",44.92620834,13.50746667,"2006","SQUIMAN",0,0
"18",44.37486666,12.91179167,"2006","SQUIMAN",0.580799699,29.03998566
"19",44.50535833,13.17432501,"2006","SQUIMAN",0,0
"28",43.83726667,13.37241666,"2006","SQUIMAN",5.774720669,170.616745
"29",43.75354999,13.56099167,"2006","SQUIMAN",7.445876598,189.3019562
"53",44.58372501,13.55169999,"2006","SQUIMAN",0,0
"54",44.22265833,12.98176667,"2006","SQUIMAN",0.631006539,25.24026108
"58",45.00460834,13.30770834,"2006","SQUIMAN",0,0
"59",44.70425002,12.77826668,"2006","SQUIMAN",84.61754608,3820.063721
"60",44.68214165,13.48129166,"2006","SQUIMAN",0,0
"61",44.45446666,12.61155001,"2006","SQUIMAN",72.34805298,3111.221436
"62",44.46219166,12.70974998,"2006","SQUIMAN",69.44709778,3243.408203
"67",43.35293333,13.981075,"2006","SQUIMAN",13.88270378,420.6879883
"22",44.42765834,13.65106665,"2006","SQUIMAN",0,0
"26",44.06085,13.30105834,"2006","SQUIMAN",0.248617947,12.43089771
"30",43.95440833,14.03468333,"2006","SQUIMAN",0,0
"35",43.4579,14.20568333,"2006","SQUIMAN",0,0
"36",43.64354998,14.84227502,"2006","SQUIMAN",0,0
"38",43.30815001,14.58817501,"2006","SQUIMAN",0,0
"1",45.28946667,12.61325,"2007","SQUIMAN",2.112208366,48.74327087
"2",45.61274999,13.12365834,"2007","SQUIMAN",11.32958603,273.4727783
"3",45.66784166,13.51835,"2007","SQUIMAN",0,0
"4",45.11753334,12.42181667,"2007","SQUIMAN",0,0
"5",45.16536667,12.50556666,"2007","SQUIMAN",0.683662713,13.67325401
"8",44.84059168,12.53939168,"2007","SQUIMAN",2.902043343,122.7787628
"12",44.59495834,12.35109167,"2007","SQUIMAN",19.92165184,585.9309082
"16",44.27591666,12.466375,"2007","SQUIMAN",1.96902597,49.22565079
"17",44.29885834,12.50121667,"2007","SQUIMAN",1.093788743,72.91925049
"24",43.94254999,13.01638332,"2007","SQUIMAN",1.923698425,56.57936478
"25",43.95345001,13.104975,"2007","SQUIMAN",8.507246017,194.4513397
"27",43.76328332,13.26021667,"2007","SQUIMAN",19.87073135,556.982605
"28",43.78385833,13.384525,"2007","SQUIMAN",4.763374329,158.7791443
"33",43.394525,13.774425,"2007","SQUIMAN",1.616016626,37.29269028
"34",43.38153334,13.86385835,"2007","SQUIMAN",6.588375092,223.7561493
"37",43.12008333,13.92300835,"2007","SQUIMAN",0,0
"44",45.46354167,12.69964167,"2007","SQUIMAN",19.77333069,504.8509827
"46",44.91596667,12.63479999,"2007","SQUIMAN",4.889537811,152.1189575
"48",44.11046667,12.62148333,"2007","SQUIMAN",0,0
"49",43.57912502,13.75024999,"2007","SQUIMAN",4.496687412,85.07246399
"50",43.06335833,14.011225,"2007","SQUIMAN",7.794519901,246.142746
"55",45.31500834,12.499825,"2007","SQUIMAN",0,0
"64",44.19676666,12.54355831,"2007","SQUIMAN",3.025710106,69.82408142
"65",44.05785,12.7272,"2007","SQUIMAN",0.850724638,12.15320873
"66",43.62468332,13.65556666,"2007","SQUIMAN",1.412753463,43.46934128
"68",42.84834169,14.00336667,"2007","SQUIMAN",0,0
"70",42.58757502,14.22356667,"2007","SQUIMAN",4.802612782,80.04354858
"71",42.27317501,14.5618,"2007","SQUIMAN",0,0
"73",42.109875,14.84746666,"2007","SQUIMAN",3.692141294,41.02378845
"74",41.97380832,15.0901,"2007","SQUIMAN",0,0
"76",41.99512501,15.68753335,"2007","SQUIMAN",1.600870848,120.0653152
"6",45.25565833,12.888025,"2007","SQUIMAN",1.172026157,117.2026138
"9",44.98965832,12.93354165,"2007","SQUIMAN",53.51752472,1354.214722
"10",45.10624167,13.25080001,"2007","SQUIMAN",0,0
"13",44.61168334,12.75518332,"2007","SQUIMAN",30.98839569,952.6748657
"14",44.73781665,13.15733333,"2007","SQUIMAN",0,0
"18",44.396275,12.83765834,"2007","SQUIMAN",1.90788722,228.9464569
"19",44.49602501,13.181575,"2007","SQUIMAN",0,0
"29",43.71990833,13.609725,"2007","SQUIMAN",23.0948391,706.7272949
"51",45.33075,13.15031666,"2007","SQUIMAN",0.309914917,15.49574661
"53",44.55718333,13.55515833,"2007","SQUIMAN",0,0
"54",44.23871667,12.97624168,"2007","SQUIMAN",0,0
"56",45.33106666,12.89739167,"2007","SQUIMAN",2.579180717,156.3139954
"57",45.0678,12.74945002,"2007","SQUIMAN",0.34662959,11.55431938
"58",45.02563333,13.24385834,"2007","SQUIMAN",0,0
"59",44.70032498,12.78254166,"2007","SQUIMAN",10.25594711,369.2141113
"60",44.65780001,13.50269167,"2007","SQUIMAN",0,0
"61",44.46035,12.62639167,"2007","SQUIMAN",107.5903931,3173.916748
"62",44.45898333,12.70846666,"2007","SQUIMAN",52.15894699,1693.644165
"67",43.35130833,13.98058335,"2007","SQUIMAN",2.401306391,40.02177429
"22",44.39638333,13.65376666,"2007","SQUIMAN",0,0
"23",44.33468334,14.05761667,"2007","SQUIMAN",0,0
"26",44.04205833,13.32945,"2007","SQUIMAN",0,0
"30",44.00149166,14.02475833,"2007","SQUIMAN",0,0
"32",44.0158,14.49663332,"2007","SQUIMAN",0,0
"35",43.45248334,14.20711667,"2007","SQUIMAN",0,0
"36",43.66616669,14.83563334,"2007","SQUIMAN",0,0
"38",43.37708333,14.143675,"2007","SQUIMAN",0,0
"69",42.67235832,14.25586666,"2007","SQUIMAN",0,0
"72",42.25248334,15.00780001,"2007","SQUIMAN",0,0
"75",42.03885,15.46616667,"2007","SQUIMAN",0,0
"45",45.55720002,13.68409166,"2007","SQUIMAN",0,0
"1",45.41025834,12.50290833,"2008","SQUIMAN",13.07083321,329.5168152
"2",45.61951669,13.13591667,"2008","SQUIMAN",9.371827126,231.4031372
"3",45.67071667,13.52076667,"2008","SQUIMAN",14.44341278,294.7635193
"4",45.098875,12.38338334,"2008","SQUIMAN",30.31381035,607.4332275
"5",45.15225,12.50874166,"2008","SQUIMAN",0,0
"8",44.819675,12.47690001,"2008","SQUIMAN",341.7435303,8814.921875
"12",44.59279165,12.3459,"2008","SQUIMAN",6.901848316,235.9606323
"16",44.27281667,12.46529166,"2008","SQUIMAN",1.301642656,86.77618408
"17",44.28911667,12.49211666,"2008","SQUIMAN",106.0763168,2949.777588
"21",44.147875,12.76268333,"2008","SQUIMAN",10.36353302,252.769104
"24",43.94301666,12.99036668,"2008","SQUIMAN",22.90104866,400.6014404
"25",43.97364165,13.067025,"2008","SQUIMAN",7.366881847,138.9977722
"27",43.76422501,13.25191667,"2008","SQUIMAN",5.398285389,77.11836243
"28",43.79069999,13.37176666,"2008","SQUIMAN",14.83118057,411.9772034
"31",43.57990001,13.60746667,"2008","SQUIMAN",1.679370165,27.98950386
"33",43.33374166,13.742125,"2008","SQUIMAN",11.00111008,214.8654175
"34",43.33639166,13.90425002,"2008","SQUIMAN",33.67137146,2071.223145
"37",43.12926667,13.905675,"2008","SQUIMAN",5.889706612,131.4666595
"43",45.37731667,12.38722499,"2008","SQUIMAN",0,0
"44",45.46295832,12.70004164,"2008","SQUIMAN",1.214866519,28.92539215
"46",44.90868333,12.61919168,"2008","SQUIMAN",86.66047668,2256.180664
"47",44.59869165,12.41416666,"2008","SQUIMAN",19.19636726,476.5055542
"48",44.066675,12.60445833,"2008","SQUIMAN",0,0
"49",43.57828334,13.76795835,"2008","SQUIMAN",23.57991791,550.9326172
"50",43.0569,14.01305833,"2008","SQUIMAN",10.71121979,269.2764587
"55",45.38503334,12.45728334,"2008","SQUIMAN",10.91590595,419.8425598
"56",45.33060832,12.88990002,"2008","SQUIMAN",0,0
"57",45.07933333,12.7261,"2008","SQUIMAN",24.55765724,954.5379639
"63",44.20818334,12.59896666,"2008","SQUIMAN",7.619657993,241.128418
"64",44.20163333,12.55260832,"2008","SQUIMAN",0.36539337,30.44944763
"65",44.078075,12.75732498,"2008","SQUIMAN",8.330513,144.6269684
"66",43.59785,13.68446665,"2008","SQUIMAN",28.12944984,727.7270508
"68",42.86325833,13.96815834,"2008","SQUIMAN",0,0
"70",42.58307501,14.23095,"2008","SQUIMAN",0.404871434,28.91938782
"71",42.25754166,14.58665835,"2008","SQUIMAN",0,0
"73",42.09605833,14.87953332,"2008","SQUIMAN",4.119772434,137.3257446
"74",41.99645833,15.05529167,"2008","SQUIMAN",1.226703882,29.91960716
"76",41.99574169,15.66085831,"2008","SQUIMAN",0.811695576,27.98950386
"6",45.25585,12.87547916,"2008","SQUIMAN",0,0
"9",45.00694166,12.92854166,"2008","SQUIMAN",17.94127083,783.7060547
"10",45.09945834,13.25025,"2008","SQUIMAN",0,0
"13",44.60818332,12.73935833,"2008","SQUIMAN",84.32024384,3663.702148
"14",44.73999166,13.08565833,"2008","SQUIMAN",0,0
"18",44.40078333,12.84240834,"2008","SQUIMAN",1.871111393,54.23511505
"19",44.45839167,13.16165001,"2008","SQUIMAN",0.663612962,27.65054131
"29",43.73704999,13.607925,"2008","SQUIMAN",3.288540602,152.2472382
"51",45.332875,13.06869166,"2008","SQUIMAN",0,0
"53",44.55649999,13.55434167,"2008","SQUIMAN",0,0
"54",44.23999166,12.96583331,"2008","SQUIMAN",0,0
"58",45.00173334,13.24308333,"2008","SQUIMAN",0,0
"59",44.70234998,12.76808335,"2008","SQUIMAN",12.0846653,466.9075012
"60",44.67460833,13.48136667,"2008","SQUIMAN",0,0
"61",44.44905,12.61378333,"2008","SQUIMAN",45.03135681,1621.470215
"62",44.45574166,12.73584998,"2008","SQUIMAN",53.67919922,2218.854004
"67",43.34198333,13.98144999,"2008","SQUIMAN",3.234079838,131.4666595
"22",44.40116666,13.65633332,"2008","SQUIMAN",0,0
"23",44.331975,14.038775,"2008","SQUIMAN",0,0
"26",44.03641667,13.33275,"2008","SQUIMAN",0,0
"30",43.96748333,13.99643335,"2008","SQUIMAN",0,0
"32",44.02669167,14.48769166,"2008","SQUIMAN",0,0
"35",43.44784168,14.20715,"2008","SQUIMAN",1.561832309,24.79098892
"36",43.66895835,14.83473333,"2008","SQUIMAN",0,0
"38",43.37058333,14.1268,"2008","SQUIMAN",0,0
"69",42.64914166,14.25374167,"2008","SQUIMAN",0,0
"72",42.26279999,14.994775,"2008","SQUIMAN",0,0
"75",42.039225,15.45325832,"2008","SQUIMAN",0,0
"45",45.68997498,13.65568336,"2008","SQUIMAN",14.41382599,347.321106
"31",43.57972501,13.60606667,"2009","SQUIMAN",0.904560924,26.60473061
"33",43.40745834,13.69791667,"2009","SQUIMAN",0,0
"34",43.38027501,13.88165833,"2009","SQUIMAN",14.01838398,482.414032
"37",43.12266667,13.92539167,"2009","SQUIMAN",26.46673393,734.2600098
"43",45.37876666,12.39013333,"2009","SQUIMAN",0,0
"44",45.46525833,12.70945835,"2009","SQUIMAN",1.159924269,28.29083443
"46",44.91401666,12.61367499,"2009","SQUIMAN",164.6075745,5308.864746
"47",44.60189168,12.47544999,"2009","SQUIMAN",37.68638229,1340.622314
"48",44.06429167,12.60956669,"2009","SQUIMAN",0,0
"49",43.58019168,13.76995001,"2009","SQUIMAN",18.75580406,477.5169373
"50",43.05488333,14.01483333,"2009","SQUIMAN",30.05929565,1083.496704
"55",45.38264167,12.45417501,"2009","SQUIMAN",3.690807819,174.0947113
"56",45.33170834,12.89693333,"2009","SQUIMAN",0,0
"57",45.0736,12.72432499,"2009","SQUIMAN",40.31101608,1262.236938
"1",45.41306667,12.53091666,"2009","SQUIMAN",2.178007126,38.89298248
"2",45.61889998,13.13794167,"2009","SQUIMAN",16.97702026,606.3221436
"3",45.640625,13.48459167,"2009","SQUIMAN",0,0
"4",45.10256666,12.383225,"2009","SQUIMAN",34.73006439,847.7417603
"5",45.14478333,12.51676666,"2009","SQUIMAN",0,0
"8",44.83700835,12.48550835,"2009","SQUIMAN",53.87982559,1273.378418
"12",44.59358333,12.34332501,"2009","SQUIMAN",238.2805176,6195.541504
"16",44.291575,12.45352499,"2009","SQUIMAN",68.77020264,1586.623291
"17",44.306675,12.56190834,"2009","SQUIMAN",10.16713142,208.9136505
"21",44.14678333,12.76473335,"2009","SQUIMAN",42.9033432,1160.63147
"24",43.92175001,13.01944167,"2009","SQUIMAN",103.5527954,3123.020996
"25",43.97674999,13.06930833,"2009","SQUIMAN",45.21177673,1144.973633
"27",43.78932498,13.19713333,"2009","SQUIMAN",2.12340045,48.25910187
"28",43.776325,13.39157499,"2009","SQUIMAN",15.72424221,464.890625
"63",44.21291667,12.57492501,"2009","SQUIMAN",28.11432457,845.1199951
"64",44.13565,12.51677499,"2009","SQUIMAN",2.331336498,43.17289734
"65",44.07600833,12.75265834,"2009","SQUIMAN",35.09521484,1004.634033
"66",43.59725002,13.68058332,"2009","SQUIMAN",55.74686432,1331.658081
"68",42.85909999,13.99835,"2009","SQUIMAN",0,0
"70",42.58730834,14.224675,"2009","SQUIMAN",14.26383591,433.8809204
"71",42.27802501,14.56145833,"2009","SQUIMAN",4.674246788,139.9475098
"73",42.09963334,14.88464998,"2009","SQUIMAN",6.152639389,184.0533142
"74",41.98585002,15.07385,"2009","SQUIMAN",2.873311043,79.81419373
"76",41.99526666,15.67915001,"2009","SQUIMAN",4.094750881,81.35267639
"51",45.33331666,13.07473333,"2009","SQUIMAN",0,0
"53",44.55482499,13.55286668,"2009","SQUIMAN",0,0
"54",44.233075,12.96911666,"2009","SQUIMAN",3.717096806,153.8108978
"58",45.03210833,13.24366666,"2009","SQUIMAN",0,0
"59",44.70131664,12.78104169,"2009","SQUIMAN",91.82957458,3254.234375
"60",44.67615833,13.48196667,"2009","SQUIMAN",0,0
"61",44.45855832,12.67357502,"2009","SQUIMAN",91.31283569,3601.959473
"6",45.26067499,12.89485833,"2009","SQUIMAN",68.94187164,1831.611938
"9",45.01102501,12.92319164,"2009","SQUIMAN",39.8048172,1479.325684
"10",45.104975,13.249825,"2009","SQUIMAN",0.191425562,27.34650803
"13",44.62010835,12.76155834,"2009","SQUIMAN",156.0686493,6603.940918
"14",44.74818335,13.084525,"2009","SQUIMAN",0.50732547,29.84267426
"18",44.38903333,12.83953336,"2009","SQUIMAN",40.78010178,1574.645264
"19",44.458275,13.15953333,"2009","SQUIMAN",0,0
"29",43.71219168,13.62120835,"2009","SQUIMAN",12.77635956,457.2591858
"62",44.45179167,12.73599167,"2009","SQUIMAN",31.9715271,2599.814453
"67",43.34532501,13.98231665,"2009","SQUIMAN",32.6835289,1290.861938
"32",43.66866665,13.77039169,"2009","SQUIMAN",7.94600296,378.381073
"35",43.438925,14.20248333,"2009","SQUIMAN",0,0
"36",43.74165834,13.69459998,"2009","SQUIMAN",2.35024929,47.00498581
"38",43.37657501,14.141225,"2009","SQUIMAN",0,0
"22",44.39830832,13.67584168,"2009","SQUIMAN",0,0
"22",44.41003334,13.65525834,"2014","SQUIMAN",0,0
"23",44.33762499,14.028225,"2014","SQUIMAN",0,0
"26",44.05086667,13.32769167,"2014","SQUIMAN",0,0
"30",43.97386665,13.99174167,"2014","SQUIMAN",0,0
"32",44.03208333,14.49341666,"2014","SQUIMAN",0,0
"35",43.44875,14.20755,"2014","SQUIMAN",0,0
"36",43.69077498,14.823325,"2014","SQUIMAN",0,0
"38",43.38244168,14.17046667,"2014","SQUIMAN",0.765702248,27.34650803
"69",42.67622499,14.24784167,"2014","SQUIMAN",0.557890713,32.81710052
"72",42.26245834,14.98794168,"2014","SQUIMAN",0,0
"75",42.03599167,15.48029167,"2014","SQUIMAN",5.63338089,328.1581116
"45",45.57062499,13.54851669,"2014","SQUIMAN",5.216630936,248.4110107
"1",45.42141666,12.55077502,"2015","SQUIMAN",20.61926651,1039.167358
"2",45.61693331,13.13234166,"2015","SQUIMAN",0,0
"3",45.64303331,13.49619168,"2015","SQUIMAN",0,0
"4",45.11741667,12.36832501,"2015","SQUIMAN",83.58597565,2512.707275
"5",45.14586667,12.52249165,"2015","SQUIMAN",3.118114471,54.70376205
"6",45.26000834,12.88481668,"2015","SQUIMAN",31.29055214,1094.075195
"8",44.83353332,12.4809,"2015","SQUIMAN",181.8542786,4156.669434
"12",44.841725,12.54470833,"2015","SQUIMAN",66.92542267,1987.351807
"16",44.27270833,12.38945001,"2015","SQUIMAN",0.437630117,54.70376205
"17",44.32655834,12.57050835,"2015","SQUIMAN",161.4854889,4704.523438
"21",44.14313333,12.76222502,"2015","SQUIMAN",304.3666382,8750.882813
"24",43.92364998,13.01997501,"2015","SQUIMAN",38.31245804,875.0882568
"25",43.97293332,13.07685833,"2015","SQUIMAN",188.8549957,5277.875977
"27",43.79721667,13.193175,"2015","SQUIMAN",60.32640076,1257.939331
"28",43.80316668,13.37816666,"2015","SQUIMAN",152.5661621,4730.945801
"31",43.578825,13.61427501,"2015","SQUIMAN",53.95391846,1020.532043
"33",43.38500001,13.71395,"2015","SQUIMAN",39.97122955,1050.147217
"34",43.38109166,13.88076668,"2015","SQUIMAN",41.30469131,1477.085815
"37",43.09181667,13.94481668,"2015","SQUIMAN",13.50917435,437.5441284
"43",45.38018333,12.39174166,"2015","SQUIMAN",170.9519958,5860.541504
"44",45.47024167,12.71436666,"2015","SQUIMAN",2.844036818,109.3860321
"46",44.90809167,12.63610833,"2015","SQUIMAN",126.5149002,3873.835205
"47",44.57035831,12.54770832,"2015","SQUIMAN",24.03758049,765.7022095
"48",44.05761667,12.62432499,"2015","SQUIMAN",0,0
"49",43.57580833,13.77063335,"2015","SQUIMAN",32.41978073,895.0245972
"50",43.0522,14.01249167,"2015","SQUIMAN",40.47283173,1121.206787
"55",45.38424166,12.46375,"2015","SQUIMAN",6.453775883,218.7720642
"56",45.32976667,12.89266669,"2015","SQUIMAN",0,0
"57",45.07643333,12.7294,"2015","SQUIMAN",0.464890659,27.34650803
"63",44.1952,12.61360833,"2015","SQUIMAN",121.4458389,2734.650879
"64",44.15628333,12.51259999,"2015","SQUIMAN",15.80938721,273.5187988
"65",44.0852225,12.76194998,"2015","SQUIMAN",99.40065002,2174.260742
"66",43.60013332,13.67321666,"2015","SQUIMAN",199.1927032,4872.911621
"68",42.90368334,13.98228334,"2015","SQUIMAN",9.872089386,191.4255524
"70",42.58198334,14.23094167,"2015","SQUIMAN",32.95254517,1175.899902
"71",42.26733333,14.57270002,"2015","SQUIMAN",14.82180691,355.5046082
"73",42.094,14.87685833,"2015","SQUIMAN",10.30963326,328.1581116
"74",41.97780834,15.0836,"2015","SQUIMAN",33.66609573,1273.087524
"76",41.99434999,15.70324167,"2015","SQUIMAN",61.20148087,1886.909058
"9",45.02066666,12.93795834,"2015","SQUIMAN",15.23200417,546.9301758
"10",45.112675,13.251425,"2015","SQUIMAN",0,0
"13",44.61919998,12.7529,"2015","SQUIMAN",122.2935867,5469.301758
"14",44.72139165,13.08895833,"2015","SQUIMAN",4.293401718,109.3860321
"18",44.38502499,12.8529,"2015","SQUIMAN",15.72424221,628.9696655
"19",44.443175,13.16146667,"2015","SQUIMAN",0,0
"29",43.72614168,13.60770836,"2015","SQUIMAN",60.59986496,2023.641602
"51",45.33271667,13.06838333,"2015","SQUIMAN",4.62155962,136.7325439
"53",44.55664167,13.55930001,"2015","SQUIMAN",0,0
"54",44.23775,12.97664165,"2015","SQUIMAN",2.566929579,105.8527603
"58",45.03414167,13.24455833,"2015","SQUIMAN",3.500353098,109.3860321
"59",44.69450833,12.77663333,"2015","SQUIMAN",105.5848694,3418.313477
"60",44.66875833,13.488025,"2015","SQUIMAN",0,0
"61",44.46666667,12.65877501,"2015","SQUIMAN",144.0887451,6836.626953
"62",44.45116668,12.73949165,"2015","SQUIMAN",79.49629974,3965.243652
"67",43.36093334,13.99591667,"2015","SQUIMAN",15.66954994,683.6627197
"22",44.40309167,13.65325836,"2015","SQUIMAN",0,0
"23",44.32721667,14.05363333,"2015","SQUIMAN",0,0
"26",44.05340833,13.33300001,"2015","SQUIMAN",0.519583642,27.34650803
"30",43.97729165,14.01484168,"2015","SQUIMAN",0,0
"32",44.03905833,14.50911667,"2015","SQUIMAN",0,0
"35",43.43708334,14.21233334,"2015","SQUIMAN",0,0
"36",43.70150833,13.70536668,"2015","SQUIMAN",6.754587173,300.8115845
"38",43.38045001,14.16101667,"2015","SQUIMAN",0,0
"69",42.66705001,14.25443333,"2015","SQUIMAN",12.96224499,628.9696655
"72",42.244975,15.00138333,"2015","SQUIMAN",0.574276686,27.34650803
"75",42.03629167,15.47435834,"2015","SQUIMAN",39.92590332,1941.602051
"45",45.57100833,13.53462501,"2015","SQUIMAN",6.234796524,287.7598572
"1",45.42166665,12.55058333,"2016","SQUIMAN",22.72494698,957.1278076
"2",45.62127498,13.140925,"2016","SQUIMAN",20.95205688,765.2514648
"3",45.64353333,13.49351665,"2016","SQUIMAN",0,0
"4",45.10243333,12.38803333,"2016","SQUIMAN",9.844743729,300.8115845
"5",45.15134166,12.51449165,"2016","SQUIMAN",16.8487587,547.0375977
"8",44.828175,12.47531665,"2016","SQUIMAN",246.227951,7137.438477
"12",44.83095001,12.53900832,"2016","SQUIMAN",206.0832825,7000.706055
"16",44.28898333,12.38500832,"2016","SQUIMAN",91.36468506,2078.334717
"17",44.33529167,12.55913334,"2016","SQUIMAN",39.18754578,1230.592896
"21",44.14813333,12.75885833,"2016","SQUIMAN",114.6092148,3746.47168
"24",43.92299999,13.01837499,"2016","SQUIMAN",66.34262848,1832.216064
"25",43.96493333,13.07431667,"2016","SQUIMAN",8.395378113,246.118576
"27",43.79503333,13.192375,"2016","SQUIMAN",106.3779221,3254.234375
"28",43.79488335,13.38210001,"2016","SQUIMAN",4.594213486,218.7720642
"31",43.58610833,13.60879167,"2016","SQUIMAN",40.60690689,1071.001465
"33",43.35795,13.72508332,"2016","SQUIMAN",0.711009204,27.34650803
"34",43.38485832,13.87833335,"2016","SQUIMAN",15.50546932,574.2766724
"37",43.11725833,13.91901665,"2016","SQUIMAN",14.41160965,328.1581116
"43",45.38929167,12.40036666,"2016","SQUIMAN",0,0
"44",45.46497501,12.71304998,"2016","SQUIMAN",1.804869533,82.03952789
"46",44.91165002,12.61858333,"2016","SQUIMAN",104.627739,3801.164551
"47",44.57490002,12.54406665,"2016","SQUIMAN",34.12844086,1422.018433
"48",44.0598,12.62965002,"2016","SQUIMAN",13.06120586,360.9880981
"49",43.56692499,13.77745832,"2016","SQUIMAN",28.24894333,1039.167358
"50",43.05349167,14.02130833,"2016","SQUIMAN",18.45889282,628.9696655
"55",45.38441668,12.455125,"2016","SQUIMAN",2.461185932,82.03952789
"56",45.329625,12.89721667,"2016","SQUIMAN",4.780386925,107.4244232
"57",45.077625,12.71600002,"2016","SQUIMAN",10.36432648,355.5046082
"63",44.19915,12.60864998,"2016","SQUIMAN",137.6076355,4047.283203
"64",44.13541666,12.52158335,"2016","SQUIMAN",23.178442,461.5176392
"65",44.08451666,12.76023331,"2016","SQUIMAN",51.52082062,1586.097412
"66",43.59017499,13.68185835,"2016","SQUIMAN",25.73306274,765.7022095
"68",42.90249999,13.97418331,"2016","SQUIMAN",14.5483427,300.8115845
"70",42.57859999,14.235275,"2016","SQUIMAN",25.62367821,820.3952637
"71",42.26675833,14.56998332,"2016","SQUIMAN",14.35691643,300.8115845
"73",42.08780833,14.89153331,"2016","SQUIMAN",0.847741723,27.34650803
"74",41.98747502,15.08430833,"2016","SQUIMAN",4.402787685,109.3860321
"76",41.99733334,15.70739164,"2016","SQUIMAN",21.35762405,847.7417603
"6",45.25941667,12.88043334,"2016","SQUIMAN",7.968660831,292.9654541
"9",45.01394166,12.93158334,"2016","SQUIMAN",14.11079788,628.9696655
"10",45.12269167,13.24713333,"2016","SQUIMAN",12.71612644,328.1581116
"13",44.60609999,12.730325,"2016","SQUIMAN",57.94725037,3144.848389
"14",44.72688335,13.08739167,"2016","SQUIMAN",1.28528583,27.34650803
"18",44.386575,12.84635,"2016","SQUIMAN",30.90155411,1449.364868
"19",44.46231667,13.16346667,"2016","SQUIMAN",0,0
"29",43.7276,13.61470833,"2016","SQUIMAN",0.683662713,54.69301605
"51",45.33085833,13.06459167,"2016","SQUIMAN",9.571277618,328.1581116
"53",44.56903334,13.55448335,"2016","SQUIMAN",0,0
"54",44.2334,12.98120832,"2016","SQUIMAN",6.180310726,218.7720642
"58",45.0463,13.24648333,"2016","SQUIMAN",1.046760917,28.29083443
"59",44.70361665,12.75676667,"2016","SQUIMAN",105.28405,4402.787598
"60",44.67705835,13.48709167,"2016","SQUIMAN",0,0
"61",44.46015833,12.65963335,"2016","SQUIMAN",54.09139252,2734.650879
"62",44.45061666,12.80180833,"2016","SQUIMAN",82.77787781,3746.47168
"67",43.35106665,13.98763332,"2016","SQUIMAN",14.65772915,711.0092163
"22",44.40351667,13.65811666,"2016","SQUIMAN",0,0
"23",44.33688334,14.03973333,"2016","SQUIMAN",0,0
"26",44.04086667,13.33643333,"2016","SQUIMAN",0.656316221,27.34650803
"30",43.9669,13.99125832,"2016","SQUIMAN",0,0
"32",44.03728333,14.51275833,"2016","SQUIMAN",0,0
"35",43.45093333,14.20385833,"2016","SQUIMAN",0.656316221,27.34650803
"36",43.70771666,13.71545,"2016","SQUIMAN",1.699164391,55.71030426
"38",43.378525,14.16210833,"2016","SQUIMAN",0,0
"69",42.66490002,14.250925,"2016","SQUIMAN",5.031757355,164.0790558
"72",42.26153334,14.99165,"2016","SQUIMAN",0,0
"75",42.03686667,15.47190833,"2016","SQUIMAN",7.520289898,355.5046082
"45",45.56983334,13.53404166,"2016","SQUIMAN",0,0
"1",45.41925832,12.54750832,"2017","SQUIMAN",0,0
"2",45.62267501,13.138025,"2017","SQUIMAN",44.21930313,2215.067139
"3",45.64293334,13.49645834,"2017","SQUIMAN",163.5214233,5104.347656
"4",45.0989,12.38989167,"2017","SQUIMAN",12.13895988,295.4171753
"5",45.14996667,12.50930001,"2017","SQUIMAN",3.140475512,86.43510437
"6",45.25355833,12.88440002,"2017","SQUIMAN",47.26404953,1258.186523
"8",44.82600835,12.47766666,"2017","SQUIMAN",129.2906647,3304.928223
"16",44.28500832,12.38771667,"2017","SQUIMAN",3.36362052,82.03952789
"17",44.34253333,12.56048333,"2017","SQUIMAN",88.73517609,2662.862305
"21",44.14631666,12.76000834,"2017","SQUIMAN",20.53722763,464.890625
"24",43.91829999,13.0245,"2017","SQUIMAN",8.586803436,218.7720642
"25",43.97229999,13.07714167,"2017","SQUIMAN",48.64738083,1606.765137
"27",43.80665833,13.18713334,"2017","SQUIMAN",9.899435997,246.118576
"28",43.79212497,13.38535833,"2017","SQUIMAN",49.7918663,1527.705078
"31",43.58219166,13.63935,"2017","SQUIMAN",32.87050247,711.0092163
"33",43.38496666,13.73538332,"2017","SQUIMAN",3.226887941,82.03952789
"34",43.36352501,13.90365,"2017","SQUIMAN",11.89689922,468.8433228
"37",43.10534167,13.92649167,"2017","SQUIMAN",0.656316221,27.34650803
"43",45.38380834,12.39323333,"2017","SQUIMAN",0,0
"44",45.46896667,12.71622499,"2017","SQUIMAN",0,0
"46",44.90799999,12.62079999,"2017","SQUIMAN",124.8094635,4320.748047
"47",44.57889166,12.54740833,"2017","SQUIMAN",171.0463867,6167.401855
"48",44.05889167,12.6294,"2017","SQUIMAN",0,0
"49",43.57714167,13.78319165,"2017","SQUIMAN",34.7204895,984.5130005
"50",43.056275,14.02444167,"2017","SQUIMAN",3.704407454,149.1707611
"55",45.3857,12.45146666,"2017","SQUIMAN",0,0
"56",45.33356667,12.88965832,"2017","SQUIMAN",8.096157074,273.5187988
"57",45.0765,12.73395834,"2017","SQUIMAN",4.781150818,254.6175079
"63",44.20922499,12.59892499,"2017","SQUIMAN",13.31774902,328.1581116
"64",44.149925,12.52014999,"2017","SQUIMAN",0,0
"65",44.08681666,12.76277501,"2017","SQUIMAN",33.14330673,1134.683228
"66",43.59059165,13.68042501,"2017","SQUIMAN",42.66054916,1039.167358
"68",42.89993334,13.97679167,"2017","SQUIMAN",0,0
"70",42.57794164,14.233625,"2017","SQUIMAN",11.70623207,283.9786682
"71",42.26714167,14.56565832,"2017","SQUIMAN",5.113797188,109.3860321
"73",42.08863583,14.88943332,"2017","SQUIMAN",0.765702248,54.69301605
"74",41.98608333,15.08750833,"2017","SQUIMAN",2.73465085,109.3860321
"76",41.99666665,15.69949169,"2017","SQUIMAN",19.25194168,574.2766724
"10",45.120675,13.248,"2017","SQUIMAN",3.588425875,196.2420197
"13",44.6084,12.74737501,"2017","SQUIMAN",59.3145752,2871.383301
"14",44.73652503,13.16603333,"2017","SQUIMAN",0,0
"18",44.39059165,12.84751666,"2017","SQUIMAN",7.49294281,355.5046082
"29",43.73014167,13.60745834,"2017","SQUIMAN",61.39111328,1810.613403
"51",45.33699166,13.07833333,"2017","SQUIMAN",19.51414871,690.7663574
"53",44.56074998,13.55038331,"2017","SQUIMAN",0,0
"54",44.23752499,12.97579165,"2017","SQUIMAN",0.435797572,25.63515091
"58",45.04768333,13.25065,"2017","SQUIMAN",0.209831685,26.22896004
"59",44.68954169,12.76083336,"2017","SQUIMAN",83.35569,3284.54541
"60",44.67269166,13.49615833,"2017","SQUIMAN",0,0
"61",44.46220833,12.66329168,"2017","SQUIMAN",80.45913696,2857.374268
"62",44.44871667,12.73422502,"2017","SQUIMAN",57.00809479,2511.04126
"67",43.35319166,13.99049168,"2017","SQUIMAN",27.36174583,1485.83252
"22",44.44195833,13.66584167,"2017","SQUIMAN",0,0
"23",44.33565834,14.04378333,"2017","SQUIMAN",0,0
"26",44.04888333,13.32273334,"2017","SQUIMAN",1.357959986,28.29083443
"30",43.96552499,13.98725835,"2017","SQUIMAN",0,0
"32",44.04909167,14.48706667,"2017","SQUIMAN",0,0
"35",43.41394167,14.25466666,"2017","SQUIMAN",0,0
"36",43.70445,13.71020835,"2017","SQUIMAN",10.55575275,328.1581116
"38",43.37885,14.141675,"2017","SQUIMAN",0,0
"69",42.6724,14.250375,"2017","SQUIMAN",2.725708485,52.92638016
"72",42.26069167,14.989125,"2017","SQUIMAN",0,0
"75",42.03920833,15.46564167,"2017","SQUIMAN",6.563473225,254.6175079
"45",45.57140834,13.53943332,"2017","SQUIMAN",0,0
"1",45.42309167,12.554825,"2018","SQUIMAN",1.476711512,54.69301605
"2",45.61875833,13.140625,"2018","SQUIMAN",36.60699463,1409.93335
"3",45.63975833,13.4866,"2018","SQUIMAN",2.909349442,149.197403
"4",45.082975,12.45474167,"2018","SQUIMAN",0,0
"5",45.149225,12.51440833,"2018","SQUIMAN",0,0
"6",45.25920833,12.88954166,"2018","SQUIMAN",14.25576687,512.7973633
"8",44.83140834,12.48265001,"2018","SQUIMAN",21.38225746,608.6533813
"12",44.84039167,12.55069167,"2018","SQUIMAN",32.70642471,929.78125
"16",44.27254167,12.39346668,"2018","SQUIMAN",1.750176549,54.69301605
"17",44.33184999,12.55724999,"2018","SQUIMAN",104.0261154,2926.076416
"21",44.147075,12.76129169,"2018","SQUIMAN",64.97530365,1859.5625
"24",43.91574167,13.024175,"2018","SQUIMAN",46.53449249,1338.139771
"25",43.96579167,13.07841667,"2018","SQUIMAN",70.52664185,1175.899902
"27",43.804175,13.19571667,"2018","SQUIMAN",55.51340866,1695.483521
"28",43.80005,13.39016666,"2018","SQUIMAN",29.94736671,1093.967773
"31",43.57398335,13.61450834,"2018","SQUIMAN",0,0
"33",43.34964999,13.73995832,"2018","SQUIMAN",0,0
"34",43.37969166,13.88360001,"2018","SQUIMAN",17.61115074,711.0092163
"37",43.11209166,13.92328332,"2018","SQUIMAN",8.067219734,191.4255524
"43",45.38209999,12.37969999,"2018","SQUIMAN",0,0
"44",45.468375,12.71128333,"2018","SQUIMAN",2.570571661,109.3860321
"46",44.89756667,12.62495832,"2018","SQUIMAN",17.80257797,601.6231689
"47",44.57179998,12.54668334,"2018","SQUIMAN",46.37967682,1750.176514
"48",44.06316666,12.61101665,"2018","SQUIMAN",0,0
"49",43.57928333,13.76714166,"2018","SQUIMAN",19.47071457,765.7022095
"50",43.05214167,14.01258333,"2018","SQUIMAN",34.97618484,1148.553345
"51",45.3364,13.08474167,"2018","SQUIMAN",3.62545681,105.8527603
"55",45.38260001,12.44953334,"2018","SQUIMAN",2.07833457,54.69301605
"56",45.33325833,12.88333333,"2018","SQUIMAN",1.85242331,52.92638016
"57",45.08025833,12.72601668,"2018","SQUIMAN",6.072904587,200.5204468
"63",44.20375001,12.60408335,"2018","SQUIMAN",105.9950638,2789.34375
"64",44.138975,12.52400834,"2018","SQUIMAN",5.961538792,109.3860321
"65",44.08953333,12.75685002,"2018","SQUIMAN",78.73059845,2078.334717
"66",43.58899167,13.68196669,"2018","SQUIMAN",10.63779163,246.118576
"68",42.89900001,13.97771667,"2018","SQUIMAN",1.367325425,27.34650803
"70",42.57365834,14.23939167,"2018","SQUIMAN",1.175899863,82.03952789
"71",42.26595834,14.56795832,"2018","SQUIMAN",0,0
"73",42.0899,14.88955832,"2018","SQUIMAN",1.777522922,136.7325439
"74",41.96971664,15.09539167,"2018","SQUIMAN",3.986006975,351.7064819
"76",41.99756667,15.70415001,"2018","SQUIMAN",11.04798985,355.5046082
"9",45.01556666,12.93069998,"2018","SQUIMAN",20.93238449,899.7484741
"10",45.11314166,13.24860833,"2018","SQUIMAN",17.39237785,492.2371521
"13",44.61169999,12.74915002,"2018","SQUIMAN",112.2574158,4730.945801
"14",44.74025834,13.15964166,"2018","SQUIMAN",0,0
"18",44.38954167,12.85203333,"2018","SQUIMAN",9.209190369,370.4846497
"19",44.46010833,13.15921667,"2018","SQUIMAN",0,0
"29",43.72933334,13.60915833,"2018","SQUIMAN",47.96577454,1422.018433
"53",44.56205835,13.554925,"2018","SQUIMAN",0,0
"54",44.234275,12.98590002,"2018","SQUIMAN",3.665826797,128.1757507
"58",45.04214167,13.252775,"2018","SQUIMAN",2.302297592,132.3159485
"59",44.70078335,12.75749998,"2018","SQUIMAN",86.6140213,3704.84668
"60",44.67129167,13.50658333,"2018","SQUIMAN",0,0
"61",44.44859166,12.67304999,"2018","SQUIMAN",71.51111603,2707.304199
"62",44.44561666,12.74071668,"2018","SQUIMAN",57.5574379,2275.834473
"67",43.35808333,13.98419167,"2018","SQUIMAN",64.15490723,2406.492676
"22",44.40566667,13.64950832,"2018","SQUIMAN",0,0
"23",44.34535001,14.03291667,"2018","SQUIMAN",0,0
"26",44.04219167,13.33535833,"2018","SQUIMAN",0.230716348,25.63515091
"30",43.96160831,13.99404168,"2018","SQUIMAN",0,0
"32",44.0523,14.486075,"2018","SQUIMAN",0,0
"35",43.43326666,14.213825,"2018","SQUIMAN",0,0
"36",43.69843334,13.71021668,"2018","SQUIMAN",19.06051636,738.3557129
"38",43.37553333,14.14766666,"2018","SQUIMAN",0.502800584,26.46319008
"69",42.65785001,14.261675,"2018","SQUIMAN",5.523994923,191.4255524
"72",42.26035,15.00018334,"2018","SQUIMAN",0,0
"75",42.036275,15.47781666,"2018","SQUIMAN",23.05310631,1066.513794
"45",45.60836665,13.52884167,"2018","SQUIMAN",0,0
"3",45.64329999,13.49841666,"2019","SQUIMAN",60.01182556,1852.714111
"31",43.57867498,13.61100833,"2019","SQUIMAN",85.40314484,1531.404419
"49",43.58062499,13.77310832,"2019","SQUIMAN",61.99453354,1777.523071
"1",45.41389167,12.54509166,"2019","SQUIMAN",2.278199434,83.34875488
"2",45.61243334,13.12669167,"2019","SQUIMAN",52.42311859,2094.776367
"4",45.10559167,12.38285,"2019","SQUIMAN",76.19077301,2685.610596
"68",42.89868336,13.97731667,"2019","SQUIMAN",3.336273909,82.03952789
"70",42.58793332,14.23148333,"2019","SQUIMAN",10.22759438,328.1581116
"71",42.27270833,14.57301664,"2019","SQUIMAN",0,0
"73",42.09601667,14.8765,"2019","SQUIMAN",0.656316221,27.34650803
"74",41.980275,15.08834167,"2019","SQUIMAN",0,0
"76",41.99630833,15.69779167,"2019","SQUIMAN",43.94584274,1586.097412
"66",43.58843333,13.68465001,"2019","SQUIMAN",228.9449615,5250.529785
"65",44.08705,12.76149168,"2019","SQUIMAN",165.8247986,4036.503174
"64",44.15335,12.51258334,"2019","SQUIMAN",5.866402149,123.071373
"63",44.20099167,12.60595001,"2019","SQUIMAN",93.11486053,2488.532227
"57",45.07584167,12.73408333,"2019","SQUIMAN",3.303301096,161.1366425
"56",45.32701667,12.86943334,"2019","SQUIMAN",4.238708973,136.7325439
"55",45.38601667,12.47079166,"2019","SQUIMAN",1.039167285,54.69301605
"50",43.04819167,14.01619167,"2019","SQUIMAN",13.29040337,382.8511047
"48",44.064675,12.62364168,"2019","SQUIMAN",0,0
"47",44.57909997,12.53805,"2019","SQUIMAN",129.075531,3937.897217
"46",44.90849997,12.62003333,"2019","SQUIMAN",107.4717789,3555.046143
"44",45.46416666,12.71204999,"2019","SQUIMAN",3.545006037,134.2805328
"43",45.38669167,12.39965,"2019","SQUIMAN",26.94620132,805.8074951
"37",43.108875,13.93388332,"2019","SQUIMAN",42.90666962,1148.553345
"34",43.34926666,13.88893334,"2019","SQUIMAN",65.22142792,1695.483521
"33",43.38412499,13.71386668,"2019","SQUIMAN",2.274651051,74.57872772
"28",43.79341669,13.37797499,"2019","SQUIMAN",16.51729202,464.890625
"27",43.79666669,13.19652499,"2019","SQUIMAN",12.11208344,263.8798218
"25",43.97171666,13.07474167,"2019","SQUIMAN",29.59542847,939.9637451
"24",43.91465,13.02910833,"2019","SQUIMAN",16.51729012,492.2371521
"21",44.1467,12.7596,"2019","SQUIMAN",66.64344025,1832.216064
"17",44.329725,12.56615833,"2019","SQUIMAN",44.182621,1107.642334
"16",44.29127499,12.38473333,"2019","SQUIMAN",18.51358604,355.5046082
"12",44.83744167,12.545625,"2019","SQUIMAN",63.00635147,1859.5625
"8",44.82870833,12.47900834,"2019","SQUIMAN",75.0896759,2014.208008
"6",45.257525,12.87201665,"2019","SQUIMAN",19.31042671,601.741394
"5",45.14250833,12.51830001,"2019","SQUIMAN",1.181668639,53.71221161
"10",45.08451666,13.23520834,"2019","SQUIMAN",0.546930134,27.34650803
"14",44.74868333,13.172025,"2019","SQUIMAN",0,0
"19",44.46593332,13.15954167,"2019","SQUIMAN",3.172817945,54.70376205
"67",43.35135001,13.99905832,"2019","SQUIMAN",34.5112915,1175.899902
"62",44.44135,12.72975833,"2019","SQUIMAN",106.1317978,3965.243652
"61",44.46138333,12.65393333,"2019","SQUIMAN",85.04764557,3144.848389
"60",44.67757498,13.48625,"2019","SQUIMAN",0,0
"59",44.70141668,12.75847499,"2019","SQUIMAN",108.8937912,4129.322754
"58",45.02860833,13.24470833,"2019","SQUIMAN",0.751971006,53.71221161
"54",44.24355834,12.97520835,"2019","SQUIMAN",0,0
"53",44.56491664,13.55423333,"2019","SQUIMAN",1.586408973,54.70376205
"51",45.33419167,13.05735,"2019","SQUIMAN",27.75670433,902.4347534
"29",43.72721666,13.60829166,"2019","SQUIMAN",97.67565918,2900.459473
"18",44.39291666,12.85065832,"2019","SQUIMAN",40.03528595,1531.404419
"13",44.61059999,12.75126667,"2019","SQUIMAN",165.7198334,6727.241211
"9",45.01449166,12.928875,"2019","SQUIMAN",48.75882339,1941.602051
"22",44.40458333,13.6511,"2019","SQUIMAN",0,0
"23",44.34109166,14.034125,"2019","SQUIMAN",0,0
"26",44.04780833,13.32350834,"2019","SQUIMAN",0.984474242,27.34650803
"30",43.96823333,14.00331668,"2019","SQUIMAN",0,0
"32",44.04948333,14.49949168,"2019","SQUIMAN",0.793048739,27.34650803
"36",43.69865834,13.71092498,"2019","SQUIMAN",50.27855301,1504.178223
"69",42.66105833,14.26261667,"2019","SQUIMAN",5.031757832,136.7325439
"72",42.26175001,14.98225835,"2019","SQUIMAN",0,0
"23",44.343525,14.02839167,"2009","SQUIMAN",0,0
"26",44.04500833,13.32696667,"2009","SQUIMAN",0,0
"30",43.94413335,14.02609168,"2009","SQUIMAN",0,0
"69",42.65584167,14.25533333,"2009","SQUIMAN",3.121502638,56.7545929
"72",42.25731667,15.00098334,"2009","SQUIMAN",0,0
"75",42.039575,15.436625,"2009","SQUIMAN",0,0
"45",45.57085832,13.54176668,"2009","SQUIMAN",19.21045113,320.1741943
"31",43.58226668,13.60694167,"2010","SQUIMAN",55.21134949,1193.172485
"33",43.37397499,13.71733332,"2010","SQUIMAN",0.970374942,26.95486069
"34",43.35860833,13.88905834,"2010","SQUIMAN",32.69464493,1196.443237
"37",43.12283333,13.92508332,"2010","SQUIMAN",2.631047726,84.87250519
"43",45.38898333,12.40085001,"2010","SQUIMAN",0,0
"44",45.466225,12.71060836,"2010","SQUIMAN",83.90288544,2266.284424
"46",44.91094166,12.604625,"2010","SQUIMAN",86.32292938,2619.855713
"47",44.60104167,12.47834999,"2010","SQUIMAN",147.7054291,5072.711426
"48",44.058775,12.61850001,"2010","SQUIMAN",0,0
"49",43.57246666,13.77964999,"2010","SQUIMAN",49.73219299,1486.838745
"50",43.060725,14.01331667,"2010","SQUIMAN",23.18572998,753.1327515
"55",45.38146666,12.45040833,"2010","SQUIMAN",3.828887463,136.7459717
"56",45.333075,12.88523334,"2010","SQUIMAN",0,0
"57",45.07348333,12.73760834,"2010","SQUIMAN",5.148931503,198.0358429
"63",44.21063333,12.60369164,"2010","SQUIMAN",85.5504303,1886.538696
"64",44.12601666,12.52711666,"2010","SQUIMAN",0,0
"65",44.07854167,12.75885833,"2010","SQUIMAN",142.5986938,3240.879395
"66",43.60901667,13.66684167,"2010","SQUIMAN",125.950798,3423.190918
"68",42.90285002,13.97299169,"2010","SQUIMAN",7.8484478,273.4650879
"70",42.58228334,14.2303,"2010","SQUIMAN",22.22041321,809.439209
"71",42.27284167,14.56037499,"2010","SQUIMAN",10.93788815,303.8302307
"73",42.093775,14.8908,"2010","SQUIMAN",5.332568645,164.0790558
"74",41.98189166,15.08045834,"2010","SQUIMAN",6.490250587,167.1309204
"76",41.99620835,15.69121666,"2010","SQUIMAN",0.820324838,25.63515091
"1",45.41178335,12.53724165,"2010","SQUIMAN",7.010399818,261.0255432
"2",45.61915,13.13930833,"2010","SQUIMAN",77.39524078,2246.958496
"3",45.64168336,13.49037499,"2010","SQUIMAN",0,0
"4",45.10571667,12.37980835,"2010","SQUIMAN",172.3916779,4649.155762
"5",45.14978333,12.51627501,"2010","SQUIMAN",9.26625061,241.7282715
"8",44.82918336,12.482375,"2010","SQUIMAN",140.2055359,3336.273926
"12",44.59260836,12.34800833,"2010","SQUIMAN",225.4378967,5395.671387
"16",44.29205834,12.38444166,"2010","SQUIMAN",64.16544342,1253.231323
"17",44.32106667,12.57095833,"2010","SQUIMAN",246.7270203,6824.512695
"21",44.13113333,12.7713,"2010","SQUIMAN",103.5850677,2615.266602
"24",43.91811666,13.018525,"2010","SQUIMAN",112.8661118,2851.930176
"25",43.98065834,13.06555833,"2010","SQUIMAN",82.2824173,2231.387451
"27",43.79354998,13.188875,"2010","SQUIMAN",28.33098221,656.3162231
"28",43.79758336,13.36900001,"2010","SQUIMAN",70.55319214,2102.742432
"51",45.33275,13.068225,"2010","SQUIMAN",1.640809536,48.25910187
"53",44.55940002,13.55695,"2010","SQUIMAN",0,0
"54",44.23245833,12.97803335,"2010","SQUIMAN",2.461317539,99.4471817
"58",45.03390833,13.24073333,"2010","SQUIMAN",0.422650516,24.86179543
"59",44.702775,12.766725,"2010","SQUIMAN",57.88416672,3024.947754
"60",44.65967499,13.48419166,"2010","SQUIMAN",0,0
"61",44.46424999,12.66156667,"2010","SQUIMAN",62.06269836,2819.866699
"62",44.45055,12.72675835,"2010","SQUIMAN",19.63568687,952.6748657
"67",43.36245001,13.98484999,"2010","SQUIMAN",16.76841164,921.9744263
"6",45.25670834,12.88481668,"2010","SQUIMAN",17.18024063,530.8500977
"9",45.01765833,12.92678334,"2010","SQUIMAN",7.639275074,384.5272522
"10",45.10116667,13.24938333,"2010","SQUIMAN",2.911326408,103.9759369
"13",44.61288331,12.74525,"2010","SQUIMAN",46.44213867,2127.12085
"14",44.73377501,13.15909166,"2010","SQUIMAN",0,0
"18",44.39193333,12.83295002,"2010","SQUIMAN",10.26771832,344.0214844
"19",44.51332501,13.2355,"2010","SQUIMAN",0,0
"29",43.72994165,13.61175,"2010","SQUIMAN",89.56921387,2999.312744
"30",44.02031667,14.0219,"2010","SQUIMAN",0,0
"32",44.01539166,14.51762501,"2010","SQUIMAN",0,0
"35",43.44798334,14.2065,"2010","SQUIMAN",0,0
"36",43.68183333,14.83404166,"2010","SQUIMAN",0,0
"38",43.37211668,14.14920834,"2010","SQUIMAN",0,0
"69",42.66720835,14.25264166,"2010","SQUIMAN",0.772145629,24.12955093
"72",42.26299167,14.99335,"2010","SQUIMAN",0,0
"75",42.03805,15.47019167,"2010","SQUIMAN",6.756274223,24.12955093
"22",44.39308333,13.66175,"2010","SQUIMAN",0,0
"23",44.33554168,14.0401,"2010","SQUIMAN",0,0
"26",44.0504,13.32066666,"2010","SQUIMAN",0,0
"45",45.57094167,13.53587502,"2010","SQUIMAN",3.792161942,68.9484024
"1",45.41235,12.53047501,"2011","SQUIMAN",0,0
"2",45.60833333,13.13333333,"2011","SQUIMAN",75.62139893,2234.97583
"3",45.64076665,13.48685834,"2011","SQUIMAN",0,0
"4",45.1006,12.38301667,"2011","SQUIMAN",173.1307373,4703.599609
"5",45.14166667,12.5,"2011","SQUIMAN",1.676302314,71.33201599
"8",44.83228334,12.48010832,"2011","SQUIMAN",53.55849075,1469.303711
"12",44.825,12.525,"2011","SQUIMAN",230.9707184,7065.671875
"16",44.27429166,12.38578334,"2011","SQUIMAN",18.00783348,379.9120789
"17",44.32735001,12.56547502,"2011","SQUIMAN",131.1796112,3719.855713
"21",44.1435,12.76005001,"2011","SQUIMAN",47.9377327,922.8654175
"24",43.91666667,13.00833333,"2011","SQUIMAN",58.03604507,1557.654175
"25",43.95833333,13.05833333,"2011","SQUIMAN",53.03223038,1190.843506
"27",43.8,13.175,"2011","SQUIMAN",47.1701889,1410.050781
"28",43.79920832,13.36904167,"2011","SQUIMAN",34.0845871,1005.601196
"31",43.57464164,13.60879167,"2011","SQUIMAN",47.0906868,1121.206787
"33",43.37545832,13.71294168,"2011","SQUIMAN",3.704846621,105.8527603
"34",43.3561,13.89314165,"2011","SQUIMAN",86.799263,2566.929443
"37",43.10746667,13.93468332,"2011","SQUIMAN",51.10042191,1217.306763
"43",45.37918332,12.39175833,"2011","SQUIMAN",0,0
"44",45.45833333,12.7,"2011","SQUIMAN",20.18777657,522.0976563
"46",44.90833333,12.625,"2011","SQUIMAN",101.2646942,3092.212402
"47",44.6,12.45833333,"2011","SQUIMAN",105.5138626,3533.957031
"48",44.06014167,12.61610003,"2011","SQUIMAN",0,0
"49",43.56354167,13.78586667,"2011","SQUIMAN",83.23273468,2417.44043
"50",43.05631667,14.013875,"2011","SQUIMAN",31.01486015,952.6748657
"55",45.38353333,12.46132499,"2011","SQUIMAN",56.02677536,1611.648926
"56",45.33484999,12.88592501,"2011","SQUIMAN",0,0
"57",45.0777,12.73307498,"2011","SQUIMAN",4.320748329,164.0790558
"63",44.20526667,13.602775,"2011","SQUIMAN",56.12606049,1367.593994
"64",44.13654167,12.53092499,"2011","SQUIMAN",4.758759499,82.0475769
"65",44.08333333,12.75,"2011","SQUIMAN",148.0245361,3757.862061
"66",43.60713336,13.66805833,"2011","SQUIMAN",76.37276459,1799.496948
"68",42.90074167,13.97423334,"2011","SQUIMAN",12.97354984,303.8302307
"70",42.58579998,14.231425,"2011","SQUIMAN",31.35179138,1076.676392
"71",42.27234167,14.56263336,"2011","SQUIMAN",36.57801819,1101.100342
"73",42.09354167,14.88348335,"2011","SQUIMAN",1.996295094,54.69301605
"74",41.98915832,15.06709167,"2011","SQUIMAN",13.4280529,456.5538025
"76",41.99678335,15.68391666,"2011","SQUIMAN",14.97816563,449.8742371
"6",45.25,12.88333333,"2011","SQUIMAN",3.063410759,109.4075241
"9",45.00833333,12.90833333,"2011","SQUIMAN",2.099880219,97.6688385
"10",45.11843333,13.24805,"2011","SQUIMAN",0,0
"13",44.6,12.73333333,"2011","SQUIMAN",34.79481125,1302.995728
"14",44.73486665,13.16040833,"2011","SQUIMAN",0,0
"18",44.39166667,12.825,"2011","SQUIMAN",5.229570866,128.1757507
"19",44.51435,13.24050833,"2011","SQUIMAN",0,0
"29",43.725,13.60833333,"2011","SQUIMAN",18.46796608,501.3927612
"51",45.33641667,13.080075,"2011","SQUIMAN",3.384462595,205.1189575
"53",44.56080834,13.55599998,"2011","SQUIMAN",0,0
"54",44.225,12.975,"2011","SQUIMAN",0,0
"58",45.0326,13.24406667,"2011","SQUIMAN",0.871595144,25.63515091
"59",44.69085,12.76843332,"2011","SQUIMAN",47.0901413,1563.381958
"60",44.66589165,13.48503334,"2011","SQUIMAN",0,0
"61",44.463925,12.65985003,"2011","SQUIMAN",65.90154266,2217.414063
"62",44.448325,12.73145835,"2011","SQUIMAN",30.51290131,1698.15625
"67",43.34860833,13.98505834,"2011","SQUIMAN",49.16822052,1615.014526
"22",44.39138333,13.6596,"2011","SQUIMAN",0,0
"23",44.34548333,14.0295,"2011","SQUIMAN",0,0
"26",44.05285,13.31329999,"2011","SQUIMAN",0,0
"30",43.97605,14.01731668,"2011","SQUIMAN",0,0
"32",44.03698333,14.49535834,"2011","SQUIMAN",0,0
"35",43.44195,14.208875,"2011","SQUIMAN",0,0
"36",43.87235835,13.72424167,"2011","SQUIMAN",0,0
"38",43.371125,14.16028334,"2011","SQUIMAN",0,0
"69",42.66743336,14.25267499,"2011","SQUIMAN",0,0
"72",42.26226668,14.98847499,"2011","SQUIMAN",0,0
"75",42.038375,15.47308334,"2011","SQUIMAN",3.125402927,97.6688385
"45",45.57018334,13.54376666,"2011","SQUIMAN",0,0
"46",44.91069167,12.6268,"2012","SQUIMAN",93.17655945,3155.318604
"47",44.61267503,12.45990833,"2012","SQUIMAN",51.96857071,1258.186523
"48",44.064775,12.61257499,"2012","SQUIMAN",0,0
"50",43.05823333,14.01121667,"2012","SQUIMAN",31.120327,1093.860352
"55",45.38404166,12.45750833,"2012","SQUIMAN",13.61735916,362.5924072
"56",45.33151666,12.893925,"2012","SQUIMAN",0,0
"57",45.08516666,12.71777503,"2012","SQUIMAN",9.680664063,246.118576
"63",44.21046666,12.60055834,"2012","SQUIMAN",7.220187187,164.0951538
"64",44.1456,12.5186,"2012","SQUIMAN",0,0
"65",44.08709167,12.75957502,"2012","SQUIMAN",23.7077179,565.8166504
"66",43.59486669,13.67404165,"2012","SQUIMAN",24.95821762,891.3648682
"70",42.58365831,14.22856666,"2012","SQUIMAN",30.34740067,1154.812622
"71",42.27047499,14.56443335,"2012","SQUIMAN",0,0
"1",45.413375,12.53254999,"2012","SQUIMAN",59.3830986,1451.446655
"2",45.61791668,13.13960834,"2012","SQUIMAN",4.594213486,109.3860321
"3",45.64021664,13.48628333,"2012","SQUIMAN",0,0
"4",45.10529167,12.37725835,"2012","SQUIMAN",208.0779877,4038.99707
"5",45.146975,12.51820833,"2012","SQUIMAN",0,0
"8",44.82291667,12.48070834,"2012","SQUIMAN",10.99329662,246.118576
"12",44.83825,12.54223334,"2012","SQUIMAN",112.7223129,3144.848389
"16",44.27195,12.38720833,"2012","SQUIMAN",0,0
"17",44.33352501,12.56453333,"2012","SQUIMAN",26.41932106,820.475769
"21",44.14273334,12.76109168,"2012","SQUIMAN",111.8406754,3216.075684
"24",43.92160002,13.01294999,"2012","SQUIMAN",23.79146194,546.9301758
"25",43.96866668,13.07230833,"2012","SQUIMAN",27.48324013,847.7417603
"27",43.79368331,13.18840834,"2012","SQUIMAN",8.149259567,191.4255524
"28",43.7927,13.38019166,"2012","SQUIMAN",16.84544945,464.890625
"31",43.585825,13.59514999,"2012","SQUIMAN",0,0
"34",43.35581667,13.89284169,"2012","SQUIMAN",39.42476654,1477.085815
"37",43.10913333,13.93215834,"2012","SQUIMAN",48.57938385,1615.598877
"43",45.38431667,12.39785,"2012","SQUIMAN",38.33980179,957.1278076
"44",45.46498334,12.72218332,"2012","SQUIMAN",3.992590189,82.03952789
"73",42.09178334,14.88250001,"2012","SQUIMAN",16.57198334,546.9301758
"74",41.99115001,15.0615,"2012","SQUIMAN",6.573816299,139.2757568
"51",45.3331,13.06595,"2012","SQUIMAN",1.208641291,40.28804398
"53",44.56585833,13.553525,"2012","SQUIMAN",0,0
"54",44.23569167,12.97255834,"2012","SQUIMAN",3.555045843,82.03952789
"58",45.03840833,13.24221667,"2012","SQUIMAN",0,0
"59",44.68993333,12.76972497,"2012","SQUIMAN",51.79428864,1777.523071
"60",44.67435001,13.48196667,"2012","SQUIMAN",0,0
"61",44.45282501,12.66888332,"2012","SQUIMAN",74.49188995,2269.760254
"62",44.44896666,12.73004166,"2012","SQUIMAN",42.50696564,1476.32312
"67",43.34384999,13.99165001,"2012","SQUIMAN",28.5497551,1230.592896
"6",45.25538333,12.87824167,"2012","SQUIMAN",2.297332287,123.071373
"9",45.01440832,12.92096666,"2012","SQUIMAN",4.266055107,136.7325439
"10",45.11681666,13.24575833,"2012","SQUIMAN",1.138272405,27.10172462
"13",44.61113332,12.75179167,"2012","SQUIMAN",66.51174927,2291.557617
"14",44.73586667,13.16300834,"2012","SQUIMAN",0,0
"18",44.38810833,12.84396667,"2012","SQUIMAN",30.68278122,109.3860321
"19",44.51461666,13.23055,"2012","SQUIMAN",0,0
"29",43.73373334,13.61513335,"2012","SQUIMAN",19.49860573,501.3927612
"69",42.65185833,14.25902499,"2012","SQUIMAN",4.484827518,136.7325439
"72",42.25355,14.99992502,"2012","SQUIMAN",0,0
"22",44.39770834,13.65141665,"2012","SQUIMAN",0,0
"23",44.32981666,14.04555,"2012","SQUIMAN",0,0
"26",44.04346667,13.32749166,"2012","SQUIMAN",0,0
"30",43.96869167,14.00250834,"2012","SQUIMAN",0,0
"32",43.65984166,13.78483334,"2012","SQUIMAN",9.133733749,355.5046082
"35",43.44804166,14.20660834,"2012","SQUIMAN",0,0
"36",43.70128333,13.709425,"2012","SQUIMAN",10.71983051,437.5441284
"38",43.37404167,14.17004167,"2012","SQUIMAN",0,0
"45",45.57048333,13.53755,"2012","SQUIMAN",4.012747288,83.59889984
"1",45.415675,12.51416666,"2013","SQUIMAN",0,0
"2",45.62170833,13.1473,"2013","SQUIMAN",1.640868306,28.29083443
"3",45.64160833,13.49145001,"2013","SQUIMAN",0,0
"4",45.10453333,12.381775,"2013","SQUIMAN",93.90790558,2734.650879
"5",45.14731666,12.52066666,"2013","SQUIMAN",0,0
"8",44.82607501,12.47870833,"2013","SQUIMAN",41.75811768,984.4743042
"12",44.83310833,12.54419166,"2013","SQUIMAN",93.46798706,3757.772949
"16",44.30484168,12.37775834,"2013","SQUIMAN",0,0
"17",44.32791667,12.577375,"2013","SQUIMAN",36.5521965,1189.689941
"21",44.14285833,12.76155834,"2013","SQUIMAN",11.26676178,300.8115845
"24",43.92123334,13.01586667,"2013","SQUIMAN",20.78334618,492.2371521
"25",43.98229167,13.10564167,"2013","SQUIMAN",70.82745361,2215.067139
"27",43.79804166,13.182,"2013","SQUIMAN",10.28771114,208.8875427
"28",43.792825,13.38826666,"2013","SQUIMAN",58.46683502,1613.44397
"31",43.58575834,13.59449167,"2013","SQUIMAN",0,0
"33",43.37976665,13.71895831,"2013","SQUIMAN",0,0
"34",43.36010833,13.89299167,"2013","SQUIMAN",92.25876617,2635.9646
"37",43.10493333,13.92935836,"2013","SQUIMAN",14.43895626,328.1581116
"43",45.38242499,12.39779167,"2013","SQUIMAN",1.697450042,28.29083443
"44",45.46515001,12.71165832,"2013","SQUIMAN",4.129322529,109.3860321
"46",44.90745834,12.60648333,"2013","SQUIMAN",35.38301849,1025.594849
"48",44.05311667,12.62045002,"2013","SQUIMAN",0,0
"49",43.57510834,13.77060833,"2013","SQUIMAN",49.63391495,1531.404419
"50",43.05604167,14.01884167,"2013","SQUIMAN",11.29410744,628.9696655
"55",45.38431667,12.46948333,"2013","SQUIMAN",0.364596277,45.57453156
"56",45.33583334,12.87932501,"2013","SQUIMAN",0.820475757,82.0475769
"57",45.079075,12.72960835,"2013","SQUIMAN",0,0
"63",44.20530833,12.60119168,"2013","SQUIMAN",17.72227859,533.3092651
"64",44.1438,12.51960835,"2013","SQUIMAN",0,0
"65",44.084125,12.76100833,"2013","SQUIMAN",2.898729801,54.69301605
"66",43.598725,13.67254168,"2013","SQUIMAN",62.54146194,1695.483521
"68",42.90413332,13.97277501,"2013","SQUIMAN",1.949860692,27.85515213
"70",42.58321667,14.23178333,"2013","SQUIMAN",1.886840343,161.7291718
"71",42.26609166,14.56397502,"2013","SQUIMAN",0.546930134,27.34650803
"73",42.09575833,14.88314164,"2013","SQUIMAN",2.73465085,164.0790558
"74",41.98310834,15.08085833,"2013","SQUIMAN",4.895025253,164.0790558
"76",41.99335,15.67380832,"2013","SQUIMAN",15.58750916,546.9301758
"6",45.25754166,12.88704999,"2013","SQUIMAN",1.640570045,86.34579468
"9",45.00995,12.93224999,"2013","SQUIMAN",2.40649271,136.7325439
"10",45.11278334,13.24444167,"2013","SQUIMAN",1.611366391,107.4244232
"13",44.608625,12.75142501,"2013","SQUIMAN",156.3399811,5277.875977
"14",44.74179166,13.16481667,"2013","SQUIMAN",3.445660114,82.03952789
"18",44.38959999,12.84289999,"2013","SQUIMAN",9.129800797,291.0950928
"19",44.51354167,13.231625,"2013","SQUIMAN",1.312890291,54.70376205
"29",43.72331667,13.61664168,"2013","SQUIMAN",64.9479599,2734.650879
"51",45.333975,13.07040833,"2013","SQUIMAN",0,0
"53",44.56109165,13.55044998,"2013","SQUIMAN",0,0
"54",44.219325,12.97484169,"2013","SQUIMAN",6.399082661,109.3860321
"58",45.01525832,13.25118333,"2013","SQUIMAN",0.300811589,27.34650803
"59",44.68479999,12.77344166,"2013","SQUIMAN",85.1570282,2980.769287
"60",44.67595832,13.48282501,"2013","SQUIMAN",0,0
"61",44.45595833,12.66120001,"2013","SQUIMAN",39.43366623,2105.681152
"62",44.45064999,12.73129168,"2013","SQUIMAN",53.16161346,1859.5625
"67",43.34336667,13.98920832,"2013","SQUIMAN",87.61820984,4101.976074
"22",44.39138335,13.65236667,"2013","SQUIMAN",0,0
"23",44.33566666,14.0353,"2013","SQUIMAN",0,0
"26",44.04405,13.32970832,"2013","SQUIMAN",0,0
"30",43.98903332,14.03979167,"2013","SQUIMAN",0,0
"32",43.65650002,13.78854167,"2013","SQUIMAN",3.828511238,328.1581116
"35",43.45075835,14.206525,"2013","SQUIMAN",0.402841598,26.8561058
"36",43.69532499,13.71644999,"2013","SQUIMAN",23.51799774,984.4743042
"38",43.37525001,14.15211666,"2013","SQUIMAN",0,0
"69",42.67027499,14.2532,"2013","SQUIMAN",28.97773933,1154.812622
"75",42.03939167,15.46379167,"2013","SQUIMAN",6.125617981,164.0790558
"45",45.57051665,13.54303335,"2013","SQUIMAN",0,0
"1",45.419675,12.549025,"2014","SQUIMAN",0.644659579,29.30270767
"2",45.61958332,13.145675,"2014","SQUIMAN",1.586097479,82.03952789
"3",45.64192499,13.49036667,"2014","SQUIMAN",0,0
"4",45.110475,12.38172499,"2014","SQUIMAN",62.54146194,1722.829956
"5",45.15508333,12.50754166,"2014","SQUIMAN",0,0
"6",45.25691667,12.89006666,"2014","SQUIMAN",7.607029915,261.0255432
"8",44.83618333,12.48372501,"2014","SQUIMAN",171.7725677,5319.101074
"12",44.84140835,12.54387499,"2014","SQUIMAN",126.3408661,4129.322754
"16",44.27574166,12.38711665,"2014","SQUIMAN",0,0
"17",44.34233333,12.55536668,"2014","SQUIMAN",6.490250587,250.6963806
"21",44.1505,12.75661669,"2014","SQUIMAN",55.6227951,1312.632446
"24",43.92109168,13.02267499,"2014","SQUIMAN",14.028759,300.8115845
"25",43.96933333,13.07720833,"2014","SQUIMAN",41.34791946,1039.167358
"27",43.79729999,13.186475,"2014","SQUIMAN",26.2526474,410.1976318
"28",43.78428335,13.39130834,"2014","SQUIMAN",8.668843269,273.4650879
"31",43.59299164,13.60969168,"2014","SQUIMAN",56.92295074,1141.312256
"33",43.36863333,13.72683331,"2014","SQUIMAN",3.555045843,54.69301605
"34",43.38455833,13.87963336,"2014","SQUIMAN",42.68790054,1394.671875
"37",43.13315,13.90441669,"2014","SQUIMAN",51.32939529,1339.978882
"43",45.383075,12.390575,"2014","SQUIMAN",1.203246355,27.34650803
"44",45.46683334,12.70955,"2014","SQUIMAN",3.855857611,218.7720642
"46",44.91301667,12.62984168,"2014","SQUIMAN",103.9006119,3059.172119
"47",44.59724998,12.54530001,"2014","SQUIMAN",53.94628525,1846.070557
"48",44.080525,12.60254167,"2014","SQUIMAN",0.257084966,32.13562012
"50",43.05589167,14.0241,"2014","SQUIMAN",81.51764679,2795.238037
"55",45.38874167,12.47438332,"2014","SQUIMAN",0,0
"56",45.32899167,12.9043417,"2014","SQUIMAN",1.21384716,26.38798141
"57",45.07343333,12.73245834,"2014","SQUIMAN",8.477417946,246.118576
"63",44.21795834,12.58795834,"2014","SQUIMAN",1.256122351,25.63515091
"64",44.13996667,12.52869166,"2014","SQUIMAN",0,0
"65",44.09199167,12.75847502,"2014","SQUIMAN",2.673560143,41.77437592
"66",43.592425,13.68084167,"2014","SQUIMAN",97.18948364,2515.878662
"68",42.91183332,13.978475,"2014","SQUIMAN",20.40049553,410.1976318
"70",42.59184167,14.23088334,"2014","SQUIMAN",21.68577957,683.6627197
"71",42.2657,14.57095,"2014","SQUIMAN",24.5845108,902.4347534
"73",42.09075,14.88698333,"2014","SQUIMAN",1.886909008,191.4255524
"74",41.98154167,15.08398333,"2014","SQUIMAN",230.2849274,7301.517578
"76",41.99339167,15.680325,"2014","SQUIMAN",8.258645058,300.8115845
"9",45.01925835,12.92956667,"2014","SQUIMAN",38.82149887,1137.917236
"10",45.09823333,13.24466666,"2014","SQUIMAN",2.105681181,54.69301605
"13",44.6132,12.74437501,"2014","SQUIMAN",195.2438965,6982.587402
"14",44.72698332,13.08820833,"2014","SQUIMAN",27.12773514,683.6627197
"18",44.39051668,12.84810836,"2014","SQUIMAN",34.70272064,984.4743042
"19",44.45665835,13.159175,"2014","SQUIMAN",3.629822016,99.4471817
"29",43.74034999,13.61027498,"2014","SQUIMAN",6.563419819,164.085495
"49",43.58620831,13.73615001,"2014","SQUIMAN",86.68843079,2488.532227
"51",45.33615832,13.08153333,"2014","SQUIMAN",1.671309114,55.71030426
"53",44.56875,13.54898335,"2014","SQUIMAN",0,0
"54",44.240625,12.97665002,"2014","SQUIMAN",8.696188927,273.4650879
"58",45.01803334,13.242425,"2014","SQUIMAN",0,0
"59",44.70332502,12.76512499,"2014","SQUIMAN",132.3023987,4101.976074
"60",44.67343334,13.48961666,"2014","SQUIMAN",0,0
"61",44.46951667,12.65555,"2014","SQUIMAN",156.6016693,5403.899414
"62",44.45360834,12.72476667,"2014","SQUIMAN",169.9859009,5606.03418
"67",43.36550833,13.99185833,"2014","SQUIMAN",22.97106552,437.5441284
"75",42.03810833,15.48185,"2019","SQUIMAN",19.74417877,820.3952637
"38",43.37926668,14.15946666,"2019","SQUIMAN",0,0
"35",43.45832499,14.19588333,"2019","SQUIMAN",0.820395231,27.34650803
"45",45.57104165,13.53299999,"2019","SQUIMAN",0,0
"45bis",45.5713,13.52356666,"2019","SQUIMAN",0,0
"5",45.146525,12.51984167,"2020","SQUIMAN",8.231298447,328.1581116
"28",43.79438334,13.38290833,"2020","SQUIMAN",10.66187477,295.4171753
"65",44.09511667,12.75857503,"2020","SQUIMAN",112.7496567,2953.422852
"76",41.99763333,15.69776669,"2020","SQUIMAN",12.68877983,382.8511047
"71",42.27199167,14.57149169,"2020","SQUIMAN",1.531404495,54.69301605
"46",44.90625833,12.63131666,"2020","SQUIMAN",809.456665,24857.97656
"2",45.62047501,13.14648334,"2020","SQUIMAN",1.093860269,27.34650803
"12",44.83946667,12.54676666,"2020","SQUIMAN",334.3110657,8750.882813
"17",44.33071666,12.56680002,"2020","SQUIMAN",137.9081726,4540.412109
"25",43.96873334,13.08231667,"2020","SQUIMAN",40.58221817,1422.018433
"31",43.57400834,13.62057498,"2020","SQUIMAN",4.428969383,111.4206085
"50",43.04770833,14.01740833,"2020","SQUIMAN",7.116867542,268.5610657
"73",42.08978333,14.88977502,"2020","SQUIMAN",4.484827518,136.7325439
"1",45.41117501,12.54552501,"2020","SQUIMAN",1.312761307,41.02378845
"3",45.64391667,13.498525,"2020","SQUIMAN",62.8299408,1722.491943
"4",45.09813333,12.38762499,"2020","SQUIMAN",5.250529766,136.7325439
"6",45.25949167,12.88026667,"2020","SQUIMAN",6.069480419,214.8488464
"8",44.83289165,12.48650832,"2020","SQUIMAN",112.8316879,2953.422852
"16",44.29731666,12.38282499,"2020","SQUIMAN",24.57333755,644.5465698
"21",44.1692,12.74200834,"2020","SQUIMAN",177.205368,4621.560059
"24",43.91483332,13.02705,"2020","SQUIMAN",91.2552948,2160.374023
"27",43.79359166,13.19315,"2020","SQUIMAN",49.79122162,1262.236938
"33",43.38139167,13.73317499,"2020","SQUIMAN",1.530798078,26.8561058
"34",43.351675,13.88851668,"2020","SQUIMAN",12.49735451,382.8511047
"37",43.11065,13.93334999,"2020","SQUIMAN",2.041064024,80.56832123
"43",45.35467501,12.38995833,"2020","SQUIMAN",0,0
"44",45.46078332,12.705325,"2020","SQUIMAN",6.821451187,322.2732849
"47",44.57825832,12.54706666,"2020","SQUIMAN",115.0194092,3336.273926
"49",43.57014999,13.77529167,"2020","SQUIMAN",29.97177124,1121.206787
"55",45.38543334,12.45853333,"2020","SQUIMAN",1.977715969,55.71030426
"56",45.33499999,12.86799167,"2020","SQUIMAN",0.765702248,27.34650803
"63",44.21081667,12.59764999,"2020","SQUIMAN",133.75177,3445.659912
"64",44.1441,12.52466667,"2020","SQUIMAN",21.43966293,519.5836792
"66",43.592875,13.67936665,"2020","SQUIMAN",8.969939232,268.5610657
"70",42.57848336,14.235675,"2020","SQUIMAN",13.42713547,519.5836792
"74",41.98096666,15.08466667,"2020","SQUIMAN",3.500353098,109.3860321
"54",44.22863333,12.98753332,"2020","SQUIMAN",1.42337358,53.71221161
"61",44.454175,12.66088333,"2020","SQUIMAN",136.8145905,4184.015625
"67",43.34642499,13.98769169,"2020","SQUIMAN",7.93048811,382.8511047
"9",45.00741668,12.9279,"2020","SQUIMAN",15.01256371,698.2587891
"18",44.39224165,12.84930833,"2020","SQUIMAN",4.676252842,164.0790558
"51",45.33629166,13.07790833,"2020","SQUIMAN",3.445660114,109.3860321
"13",44.61004168,12.71627499,"2020","SQUIMAN",169.9038696,6125.617676
"14",44.71836665,13.08529167,"2020","SQUIMAN",3.867279053,134.2805328
"19",44.45071667,13.15789166,"2020","SQUIMAN",0,0
"29",43.71669168,13.62533334,"2020","SQUIMAN",9.856190681,402.8415833
"57",45.0592,12.74921665,"2020","SQUIMAN",6.445465565,295.4171753
"59",44.69525833,12.76506666,"2020","SQUIMAN",154.5077667,6426.429199
"30",43.96221666,13.95245002,"2020","SQUIMAN",0,0
"35",43.44609167,14.22060833,"2020","SQUIMAN",0.054693017,27.34650803
"38",43.37661667,14.17183333,"2020","SQUIMAN",3.117501974,82.03952789
"26",44.04948333,13.32261667,"2020","SQUIMAN",0,0
"32",43.65139999,13.80500835,"2020","SQUIMAN",2.379146338,109.3860321
"36",43.69486666,13.72405831,"2020","SQUIMAN",2.980769396,82.03952789
"69",42.66505833,14.25287499,"2020","SQUIMAN",2.980769396,136.7325439
"72",42.25395833,14.99443332,"2020","SQUIMAN",0,0
"75",42.054375,15.48146667,"2020","SQUIMAN",15.88831997,847.7417603
"45",45.57059167,13.53157501,"2020","SQUIMAN",0,0
"45bis",45.57084166,13.52441665,"2020","SQUIMAN",0,0
"25",43.96695833,13.079375,"2021","SQUIMAN",14.52915382,483.4099121
"21",44.150025,12.76684999,"2021","SQUIMAN",25.23676872,724.2339478
"63",44.20154167,12.59946667,"2021","SQUIMAN",22.80083275,563.9782104
"17",44.33085,12.56376667,"2021","SQUIMAN",56.78250122,1531.705322
"65",44.08816667,12.78250001,"2021","SQUIMAN",56.11503601,1367.325439
"48",44.06531667,12.61923332,"2021","SQUIMAN",2.630764723,61.90034485
"64",44.14175833,12.52359999,"2021","SQUIMAN",1.640790462,27.34650803
"16",44.30615001,12.37738333,"2021","SQUIMAN",13.56545925,362.1169739
"47",44.57829167,12.54696668,"2021","SQUIMAN",100.1429138,3937.897217
"1",45.41191667,12.547275,"2021","SQUIMAN",1.787769556,42.56594086
"2",45.6103,13.12915,"2021","SQUIMAN",0.939963698,26.8561058
"3",45.64293334,13.49561666,"2021","SQUIMAN",0,0
"4",45.100925,12.38283334,"2021","SQUIMAN",1.074244261,53.71221161
"5",45.1559,12.49621666,"2021","SQUIMAN",0,0
"6",45.256725,12.88293333,"2021","SQUIMAN",8.300835609,278.5515137
"8",44.84006666,12.49175833,"2021","SQUIMAN",29.47075081,640.6685181
"12",44.83841667,12.54498332,"2021","SQUIMAN",29.67096138,929.78125
"24",43.91985833,13.02511667,"2021","SQUIMAN",13.13263607,295.4171753
"28",43.77866669,13.38680833,"2021","SQUIMAN",5.414608955,191.4255524
"33",43.37981668,13.73457502,"2021","SQUIMAN",60.5340271,1187.459106
"34",43.35250001,13.89498332,"2021","SQUIMAN",17.93931007,601.6231689
"37",43.106875,13.933275,"2021","SQUIMAN",9.888579369,362.1169739
"43",45.37604167,12.37461667,"2021","SQUIMAN",24.34640694,954.7610474
"44",45.46248333,12.70808334,"2021","SQUIMAN",0,0
"46",44.90761668,12.62440001,"2021","SQUIMAN",30.38196945,1203.246338
"49",43.57045835,13.78380836,"2021","SQUIMAN",6.980814934,198.6410675
"50",43.045675,14.02153333,"2021","SQUIMAN",6.32311964,222.841217
"55",45.38564167,12.46081665,"2021","SQUIMAN",0,0
"56",45.33308334,12.90240002,"2021","SQUIMAN",0,0
"57",45.06910834,12.73747501,"2021","SQUIMAN",1.030640721,27.85515213
"66",43.59113331,13.68468332,"2021","SQUIMAN",17.02637863,567.5458984
"68",42.89783332,13.98705835,"2021","SQUIMAN",57.26358414,1449.364868
"27",43.80296666,13.18299167,"2021","SQUIMAN",28.76852798,546.9301758
"31",43.58300835,13.62261664,"2021","SQUIMAN",61.64344788,1448.467896
"54",44.246225,12.97369998,"2021","SQUIMAN",0,0
"9",45.01574168,12.92326667,"2021","SQUIMAN",38.20307541,1531.404419
"10",45.117375,13.24661667,"2021","SQUIMAN",27.2701931,1058.49585
"13",44.60843334,12.75270834,"2021","SQUIMAN",80.56832123,3598.718262
"14",44.72397499,13.08520833,"2021","SQUIMAN",1.281337142,83.56546021
"18",44.38865833,12.846,"2021","SQUIMAN",13.34261799,584.9581909
"19",44.46581667,13.157475,"2021","SQUIMAN",0.231355116,57.83877563
"29",43.72445834,13.61461665,"2021","SQUIMAN",12.41531467,382.8511047
"51",45.33774999,13.08295,"2021","SQUIMAN",2.243970394,89.75881958
"53",44.57118333,13.546175,"2021","SQUIMAN",0,0
"58",45.04441667,13.24651666,"2021","SQUIMAN",5.348189354,167.1309204
"59",44.70467501,12.75824165,"2021","SQUIMAN",81.02770233,4074.629639
"60",44.68394168,13.48310833,"2021","SQUIMAN",0,0
"61",44.45232499,12.65685002,"2021","SQUIMAN",94.64827728,4025.969971
"62",44.437075,12.73190832,"2021","SQUIMAN",37.93871689,1754.874634
"67",43.35515,13.98301668,"2021","SQUIMAN",20.9747715,1175.899902
"26",44.03750833,13.33854167,"2021","SQUIMAN",4.114707947,85.13188934
"22",44.40341668,13.64878333,"2021","SQUIMAN",0,0
"23",44.33661668,14.03676667,"2021","SQUIMAN",0,0
"32",43.65241664,13.81300001,"2021","SQUIMAN",7.122700691,255.3956604
"35",43.43703334,14.21158333,"2021","SQUIMAN",0,0
"36",43.69400002,13.72260002,"2021","SQUIMAN",6.809280396,273.4650879
"38",43.371875,14.15911667,"2021","SQUIMAN",1.866295338,27.85515213
"45",45.56997503,13.533625,"2021","SQUIMAN",0,0
"45bis",45.57126668,13.53728334,"2021","SQUIMAN",0,0
"1",45.42269999,12.55639165,"2022","SQUIMAN",1.230713725,68.37298584
"2",45.61655,13.132975,"2022","SQUIMAN",2.148488522,53.71221161
"8",44.83253333,12.48585835,"2022","SQUIMAN",141.9863739,4065.925049
"3",45.61011667,13.53259168,"2022","SQUIMAN",5.577593327,328.093689
"12",44.84155836,12.55029999,"2022","SQUIMAN",56.82604599,1668.136963
"16",44.28745,12.38869999,"2022","SQUIMAN",4.565120697,105.5519257
"17",44.33243333,12.56559165,"2022","SQUIMAN",65.65329742,1794.38269
"21",44.14300833,12.7643,"2022","SQUIMAN",41.35840225,993.6759033
"24",43.91970002,13.02131668,"2022","SQUIMAN",78.52367401,2200.557129
"25",43.96120001,13.080275,"2022","SQUIMAN",57.94800949,1530.50293
"27",43.79455001,13.1917,"2022","SQUIMAN",83.71009064,1793.37439
"28",43.79144999,13.3785,"2022","SQUIMAN",19.22897339,537.1221313
"31",43.57360001,13.63520835,"2022","SQUIMAN",160.0892639,3088.452148
"43",45.37113333,12.382575,"2022","SQUIMAN",16.54626274,683.7298584
"44",45.46862501,12.71908334,"2022","SQUIMAN",0,0
"46",44.91009169,12.62675832,"2022","SQUIMAN",225.3625488,6946.013184
"47",44.57645833,12.54606667,"2022","SQUIMAN",111.4259872,4350.688965
"48",44.05621667,12.63159167,"2022","SQUIMAN",9.733412743,227.0183716
"49",43.58165833,13.76909167,"2022","SQUIMAN",56.69324112,1369.661377
"55",45.38608333,12.46065,"2022","SQUIMAN",1.504205704,102.5594788
"63",44.2017,12.60606667,"2022","SQUIMAN",24.39756584,607.6604614
"64",44.13790834,13.53643335,"2022","SQUIMAN",0,0
"65",44.08533333,12.76245832,"2022","SQUIMAN",46.81338501,1058.527588
"66",43.59685831,13.67527501,"2022","SQUIMAN",194.0890808,4511.825684
"4ms",44.26673334,13.11696666,"2022","SQUIMAN",2.739322662,107.4244232
"5ms",44.27611667,13.11343333,"2022","SQUIMAN",0,0
"6ms",44.27425834,13.11645833,"2022","SQUIMAN",0,0
"7ms",44.3035,13.13486667,"2022","SQUIMAN",0,0
"8ms",44.3041,13.14386667,"2022","SQUIMAN",0.052775964,52.77596283
"9ms",44.30275,13.15233333,"2022","SQUIMAN",0,0
"11ms",44.29745,13.18512499,"2022","SQUIMAN",0,0
"12ms",44.29725833,13.19372501,"2022","SQUIMAN",0,0
"9",45.01895834,12.92311665,"2022","SQUIMAN",26.82924843,1181.668701
"13",44.61566668,12.75925833,"2022","SQUIMAN",206.8489838,9161.080078
"18",44.39451666,12.84378332,"2022","SQUIMAN",48.40332031,2269.760254
"19",44.446525,13.16180833,"2022","SQUIMAN",3.282225609,164.1112823
"29",43.72890832,13.62000001,"2022","SQUIMAN",127.079216,3801.164551
"57",45.07383333,12.73445835,"2022","SQUIMAN",17.88461685,683.6627197
"59",44.69676666,12.765625,"2022","SQUIMAN",171.1271057,7063.155762
"61",44.46091666,12.65917501,"2022","SQUIMAN",131.944046,5559.213867
"62",44.44897501,12.73358332,"2022","SQUIMAN",120.5707626,5496.647949
"54ms",44.26611667,13.07195834,"2022","SQUIMAN",0,0
"2ms",44.270225,13.07383333,"2022","SQUIMAN",3.818188429,117.4827271
"3ms",44.27012501,13.08469167,"2022","SQUIMAN",0,0
"10ms",44.29296667,13.18011667,"2022","SQUIMAN",0,0
"26",44.04568333,13.32749999,"2022","SQUIMAN",0,0
"32",43.65543331,13.80194168,"2022","SQUIMAN",75.86849976,2175.344482
"36",43.69501667,13.70872498,"2022","SQUIMAN",81.46524811,2379.14624
"45",45.57009166,13.54209166,"2022","SQUIMAN",0,0
"45bis",45.56994165,13.54451669,"2022","SQUIMAN",0,0
